title,guid,URL,price,images_link,configurate,engine,transmission,probeg,issue,taxt
"Mercedes-Benz E-Class W213, 2020",1997446,https://carskorea.shop///car/view/1997446,b'4\xc2\xa0539\xc2\xa0750',"https://ci.encar.com/carpicture/carpicture09/pic3829/38299421_001.jpg?,https://ci.encar.com/carpicture/carpicture09/pic3829/38299421_002.jpg?,https://ci.encar.com/carpicture/carpicture09/pic3829/38299421_003.jpg?,https://ci.encar.com/carpicture/carpicture09/pic3829/38299421_004.jpg?,https://ci.encar.com/carpicture/carpicture09/pic3829/38299421_005.jpg?,https://ci.encar.com/carpicture/carpicture09/pic3829/38299421_006.jpg?,https://ci.encar.com/carpicture/carpicture09/pic3829/38299421_007.jpg?,https://ci.encar.com/carpicture/carpicture09/pic3829/38299421_008.jpg?,https://ci.encar.com/carpicture/carpicture09/pic3829/38299421_009.jpg?,https://ci.encar.com/carpicture/carpicture09/pic3829/38299421_010.jpg?,https://ci.encar.com/carpicture/carpicture09/pic3829/38299421_015.jpg?,https://ci.encar.com/carpicture/carpicture09/pic3829/38299421_016.jpg?,https://ci.encar.com/carpicture/carpicture09/pic3829/38299421_017.jpg?,https://ci.encar.com/carpicture/carpicture09/pic3829/38299421_018.jpg?,https://ci.encar.com/carpicture/carpicture09/pic3829/38299421_019.jpg?",E220d Cabriolet,Дизель,АКПП,52 000,Август 2020,Mercedes-Benz>E-Class W213>E220d Cabriolet
"Peugeot 5008 second generation, 2022",1997445,https://carskorea.shop///car/view/1997445,b'3\xc2\xa0650\xc2\xa0849',"https://ci.encar.com/carpicture/carpicture09/pic3829/38297158_001.jpg?,https://ci.encar.com/carpicture/carpicture09/pic3829/38297158_002.jpg?,https://ci.encar.com/carpicture/carpicture09/pic3829/38297158_003.jpg?,https://ci.encar.com/carpicture/carpicture09/pic3829/38297158_004.jpg?,https://ci.encar.com/carpicture/carpicture09/pic3829/38297158_007.jpg?,https://ci.encar.com/carpicture/carpicture09/pic3829/38297158_008.jpg?",1.2 Pure Tech Allure,Бензин,АКПП,27 500,Декабрь 2022,Peugeot>5008 second generation>1.2 Pure Tech Allure
"Jeep Wrangler (JL), 2022",1997444,https://carskorea.shop///car/view/1997444,b'7\xc2\xa0122\xc2\xa0618',"https://ci.encar.com/carpicture/carpicture06/pic3826/38269637_001.jpg?,https://ci.encar.com/carpicture/carpicture06/pic3826/38269637_002.jpg?,https://ci.encar.com/carpicture/carpicture06/pic3826/38269637_003.jpg?,https://ci.encar.com/carpicture/carpicture06/pic3826/38269637_004.jpg?,https://ci.encar.com/carpicture/carpicture06/pic3826/38269637_005.jpg?,https://ci.encar.com/carpicture/carpicture06/pic3826/38269637_006.jpg?,https://ci.encar.com/carpicture/carpicture06/pic3826/38269637_007.jpg?,https://ci.encar.com/carpicture/carpicture06/pic3826/38269637_008.jpg?,https://ci.encar.com/carpicture/carpicture06/pic3826/38269637_009.jpg?",2.0 Rubicon Power Top 4 Door,Бензин,АКПП,44 000,Июль 2022,Jeep>Wrangler (JL)>2.0 Rubicon Power Top 4 Door
"BMW X7 (G07), 2021",1997443,https://carskorea.shop///car/view/1997443,b'10\xc2\xa0147\xc2\xa0407',"https://ci.encar.com/carpicture/carpicture10/pic3830/38300859_001.jpg?,https://ci.encar.com/carpicture/carpicture10/pic3830/38300859_003.jpg?,https://ci.encar.com/carpicture/carpicture10/pic3830/38300859_004.jpg?,https://ci.encar.com/carpicture/carpicture10/pic3830/38300859_005.jpg?,https://ci.encar.com/carpicture/carpicture10/pic3830/38300859_006.jpg?,https://ci.encar.com/carpicture/carpicture10/pic3830/38300859_007.jpg?,https://ci.encar.com/carpicture/carpicture10/pic3830/38300859_008.jpg?,https://ci.encar.com/carpicture/carpicture10/pic3830/38300859_010.jpg?,https://ci.encar.com/carpicture/carpicture10/pic3830/38300859_017.jpg?",xDrive 40i M Sport 6 seater,Бензин,АКПП,41 000,Апрель 2021,BMW>X7 (G07)>xDrive 40i M Sport 6 seater
"Hyundai The New Grandeur IG, 2020",1997442,https://carskorea.shop///car/view/1997442,b'2\xc2\xa0693\xc2\xa0320',"https://ci.encar.com/carpicture/carpicture09/pic3829/38299890_001.jpg?,https://ci.encar.com/carpicture/carpicture09/pic3829/38299890_002.jpg?,https://ci.encar.com/carpicture/carpicture09/pic3829/38299890_003.jpg?,https://ci.encar.com/carpicture/carpicture09/pic3829/38299890_004.jpg?,https://ci.encar.com/carpicture/carpicture09/pic3829/38299890_005.jpg?,https://ci.encar.com/carpicture/carpicture09/pic3829/38299890_006.jpg?,https://ci.encar.com/carpicture/carpicture09/pic3829/38299890_007.jpg?,https://ci.encar.com/carpicture/carpicture09/pic3829/38299890_008.jpg?,https://ci.encar.com/carpicture/carpicture09/pic3829/38299890_009.jpg?,https://ci.encar.com/carpicture/carpicture09/pic3829/38299890_010.jpg?,https://ci.encar.com/carpicture/carpicture09/pic3829/38299890_015.jpg?,https://ci.encar.com/carpicture/carpicture09/pic3829/38299890_016.jpg?,https://ci.encar.com/carpicture/carpicture09/pic3829/38299890_017.jpg?,https://ci.encar.com/carpicture/carpicture09/pic3829/38299890_018.jpg?,https://ci.encar.com/carpicture/carpicture09/pic3829/38299890_019.jpg?,https://ci.encar.com/carpicture/carpicture09/pic3829/38299890_020.jpg?,https://ci.encar.com/carpicture/carpicture09/pic3829/38299890_021.jpg?,https://ci.encar.com/carpicture/carpicture09/pic3829/38299890_022.jpg?,https://ci.encar.com/carpicture/carpicture09/pic3829/38299890_023.jpg?,https://ci.encar.com/carpicture/carpicture09/pic3829/38299890_024.jpg?",3.0 LPi (taxi type),Газ,АКПП,129 654,Март 2020,Hyundai>The New Grandeur IG>3.0 LPi (taxi type)
"Hyundai Tucson Hybrid (NX4), 2023",1997438,https://carskorea.shop///car/view/1997438,b'4\xc2\xa0056\xc2\xa0011',"https://ci.encar.com/carpicture/carpicture09/pic3829/38297021_001.jpg?,https://ci.encar.com/carpicture/carpicture09/pic3829/38297021_002.jpg?,https://ci.encar.com/carpicture/carpicture09/pic3829/38297021_003.jpg?,https://ci.encar.com/carpicture/carpicture09/pic3829/38297021_004.jpg?,https://ci.encar.com/carpicture/carpicture09/pic3829/38297021_005.jpg?,https://ci.encar.com/carpicture/carpicture09/pic3829/38297021_006.jpg?,https://ci.encar.com/carpicture/carpicture09/pic3829/38297021_007.jpg?,https://ci.encar.com/carpicture/carpicture09/pic3829/38297021_008.jpg?,https://ci.encar.com/carpicture/carpicture09/pic3829/38297021_009.jpg?,https://ci.encar.com/carpicture/carpicture09/pic3829/38297021_010.jpg?,https://ci.encar.com/carpicture/carpicture09/pic3829/38297021_015.jpg?,https://ci.encar.com/carpicture/carpicture09/pic3829/38297021_016.jpg?,https://ci.encar.com/carpicture/carpicture09/pic3829/38297021_017.jpg?,https://ci.encar.com/carpicture/carpicture09/pic3829/38297021_018.jpg?,https://ci.encar.com/carpicture/carpicture09/pic3829/38297021_019.jpg?,https://ci.encar.com/carpicture/carpicture09/pic3829/38297021_020.jpg?,https://ci.encar.com/carpicture/carpicture09/pic3829/38297021_021.jpg?,https://ci.encar.com/carpicture/carpicture09/pic3829/38297021_022.jpg?,https://ci.encar.com/carpicture/carpicture09/pic3829/38297021_023.jpg?,https://ci.encar.com/carpicture/carpicture09/pic3829/38297021_024.jpg?",Inspiration 2WD,Бензин + Электричество,АКПП,23 619,Ноябрь 2023,Hyundai>Tucson Hybrid (NX4)>Inspiration 2WD
"Genesis G70, 2019",1997437,https://carskorea.shop///car/view/1997437,b'7\xc2\xa0576\xc2\xa0178',"https://ci.encar.com/carpicture/carpicture09/pic3829/38292162_001.jpg?,https://ci.encar.com/carpicture/carpicture09/pic3829/38292162_002.jpg?,https://ci.encar.com/carpicture/carpicture09/pic3829/38292162_003.jpg?,https://ci.encar.com/carpicture/carpicture09/pic3829/38292162_004.jpg?,https://ci.encar.com/carpicture/carpicture09/pic3829/38292162_005.jpg?,https://ci.encar.com/carpicture/carpicture09/pic3829/38292162_006.jpg?,https://ci.encar.com/carpicture/carpicture09/pic3829/38292162_007.jpg?,https://ci.encar.com/carpicture/carpicture09/pic3829/38292162_008.jpg?,https://ci.encar.com/carpicture/carpicture09/pic3829/38292162_009.jpg?,https://ci.encar.com/carpicture/carpicture09/pic3829/38292162_010.jpg?,https://ci.encar.com/carpicture/carpicture09/pic3829/38292162_015.jpg?,https://ci.encar.com/carpicture/carpicture09/pic3829/38292162_016.jpg?,https://ci.encar.com/carpicture/carpicture09/pic3829/38292162_017.jpg?,https://ci.encar.com/carpicture/carpicture09/pic3829/38292162_018.jpg?,https://ci.encar.com/carpicture/carpicture09/pic3829/38292162_019.jpg?,https://ci.encar.com/carpicture/carpicture09/pic3829/38292162_020.jpg?,https://ci.encar.com/carpicture/carpicture09/pic3829/38292162_021.jpg?,https://ci.encar.com/carpicture/carpicture09/pic3829/38292162_022.jpg?,https://ci.encar.com/carpicture/carpicture09/pic3829/38292162_023.jpg?,https://ci.encar.com/carpicture/carpicture09/pic3829/38292162_024.jpg?",3.3 T Sport AWD,Бензин,АКПП,75 968,Апрель 2019,Genesis>G70>3.3 T Sport AWD
"Mercedes-Benz GLC-Class X254, 2024",1997435,https://carskorea.shop///car/view/1997435,b'10\xc2\xa0410\xc2\xa0464',"https://ci.encar.com/carpicture/carpicture10/pic3830/38301503_001.jpg?,https://ci.encar.com/carpicture/carpicture10/pic3830/38301503_002.jpg?,https://ci.encar.com/carpicture/carpicture10/pic3830/38301503_003.jpg?,https://ci.encar.com/carpicture/carpicture10/pic3830/38301503_004.jpg?,https://ci.encar.com/carpicture/carpicture10/pic3830/38301503_005.jpg?,https://ci.encar.com/carpicture/carpicture10/pic3830/38301503_006.jpg?,https://ci.encar.com/carpicture/carpicture10/pic3830/38301503_007.jpg?,https://ci.encar.com/carpicture/carpicture10/pic3830/38301503_008.jpg?,https://ci.encar.com/carpicture/carpicture10/pic3830/38301503_009.jpg?,https://ci.encar.com/carpicture/carpicture10/pic3830/38301503_010.jpg?,https://ci.encar.com/carpicture/carpicture10/pic3830/38301503_015.jpg?,https://ci.encar.com/carpicture/carpicture10/pic3830/38301503_016.jpg?,https://ci.encar.com/carpicture/carpicture10/pic3830/38301503_017.jpg?,https://ci.encar.com/carpicture/carpicture10/pic3830/38301503_018.jpg?,https://ci.encar.com/carpicture/carpicture10/pic3830/38301503_019.jpg?,https://ci.encar.com/carpicture/carpicture10/pic3830/38301503_020.jpg?,https://ci.encar.com/carpicture/carpicture10/pic3830/38301503_021.jpg?,https://ci.encar.com/carpicture/carpicture10/pic3830/38301503_022.jpg?,https://ci.encar.com/carpicture/carpicture10/pic3830/38301503_023.jpg?,https://ci.encar.com/carpicture/carpicture10/pic3830/38301503_024.jpg?",AMG GLC43 4MATIC,Бензин,АКПП,912,Апрель 2024,Mercedes-Benz>GLC-Class X254>AMG GLC43 4MATIC
"BMW 7 Series (G11), 2022",1997433,https://carskorea.shop///car/view/1997433,b'9\xc2\xa0286\xc2\xa0136',"https://ci.encar.com/carpicture/carpicture10/pic3830/38301576_001.jpg?,https://ci.encar.com/carpicture/carpicture10/pic3830/38301576_002.jpg?,https://ci.encar.com/carpicture/carpicture10/pic3830/38301576_003.jpg?,https://ci.encar.com/carpicture/carpicture10/pic3830/38301576_004.jpg?,https://ci.encar.com/carpicture/carpicture10/pic3830/38301576_005.jpg?,https://ci.encar.com/carpicture/carpicture10/pic3830/38301576_006.jpg?,https://ci.encar.com/carpicture/carpicture10/pic3830/38301576_007.jpg?,https://ci.encar.com/carpicture/carpicture10/pic3830/38301576_008.jpg?,https://ci.encar.com/carpicture/carpicture10/pic3830/38301576_009.jpg?,https://ci.encar.com/carpicture/carpicture10/pic3830/38301576_010.jpg?,https://ci.encar.com/carpicture/carpicture10/pic3830/38301576_015.jpg?,https://ci.encar.com/carpicture/carpicture10/pic3830/38301576_016.jpg?,https://ci.encar.com/carpicture/carpicture10/pic3830/38301576_017.jpg?,https://ci.encar.com/carpicture/carpicture10/pic3830/38301576_018.jpg?,https://ci.encar.com/carpicture/carpicture10/pic3830/38301576_019.jpg?,https://ci.encar.com/carpicture/carpicture10/pic3830/38301576_020.jpg?,https://ci.encar.com/carpicture/carpicture10/pic3830/38301576_021.jpg?,https://ci.encar.com/carpicture/carpicture10/pic3830/38301576_022.jpg?,https://ci.encar.com/carpicture/carpicture10/pic3830/38301576_023.jpg?,https://ci.encar.com/carpicture/carpicture10/pic3830/38301576_024.jpg?",730Ld xDrive,Дизель,АКПП,83 195,Август 2022,BMW>7 Series (G11)>730Ld xDrive
"Renault Korea (Samsung) The New QM6, 2023",1997428,https://carskorea.shop///car/view/1997428,b'3\xc2\xa0003\xc2\xa0686',"https://ci.encar.com/carpicture/carpicture09/pic3829/38290458_001.jpg?,https://ci.encar.com/carpicture/carpicture09/pic3829/38290458_002.jpg?,https://ci.encar.com/carpicture/carpicture09/pic3829/38290458_003.jpg?,https://ci.encar.com/carpicture/carpicture09/pic3829/38290458_004.jpg?,https://ci.encar.com/carpicture/carpicture09/pic3829/38290458_005.jpg?,https://ci.encar.com/carpicture/carpicture09/pic3829/38290458_006.jpg?,https://ci.encar.com/carpicture/carpicture09/pic3829/38290458_007.jpg?,https://ci.encar.com/carpicture/carpicture09/pic3829/38290458_008.jpg?,https://ci.encar.com/carpicture/carpicture09/pic3829/38290458_009.jpg?,https://ci.encar.com/carpicture/carpicture09/pic3829/38290458_010.jpg?,https://ci.encar.com/carpicture/carpicture09/pic3829/38290458_015.jpg?,https://ci.encar.com/carpicture/carpicture09/pic3829/38290458_016.jpg?,https://ci.encar.com/carpicture/carpicture09/pic3829/38290458_017.jpg?,https://ci.encar.com/carpicture/carpicture09/pic3829/38290458_018.jpg?,https://ci.encar.com/carpicture/carpicture09/pic3829/38290458_019.jpg?,https://ci.encar.com/carpicture/carpicture09/pic3829/38290458_020.jpg?,https://ci.encar.com/carpicture/carpicture09/pic3829/38290458_021.jpg?,https://ci.encar.com/carpicture/carpicture09/pic3829/38290458_022.jpg?,https://ci.encar.com/carpicture/carpicture09/pic3829/38290458_023.jpg?,https://ci.encar.com/carpicture/carpicture09/pic3829/38290458_024.jpg?",2.0 LPe RE 2WD,Газ,АКПП,24 536,Июль 2023,Renault Korea (Samsung)>Korea (Samsung) The New QM6>2.0 LPe RE 2WD
"Kia Sorento 4th Generation, 2021",1997426,https://carskorea.shop///car/view/1997426,b'2\xc2\xa0835\xc2\xa0230',"https://ci.encar.com/carpicture/carpicture08/pic3828/38289799_001.jpg?,https://ci.encar.com/carpicture/carpicture08/pic3828/38289799_002.jpg?,https://ci.encar.com/carpicture/carpicture08/pic3828/38289799_003.jpg?,https://ci.encar.com/carpicture/carpicture08/pic3828/38289799_004.jpg?,https://ci.encar.com/carpicture/carpicture08/pic3828/38289799_005.jpg?,https://ci.encar.com/carpicture/carpicture08/pic3828/38289799_006.jpg?,https://ci.encar.com/carpicture/carpicture08/pic3828/38289799_007.jpg?,https://ci.encar.com/carpicture/carpicture08/pic3828/38289799_008.jpg?,https://ci.encar.com/carpicture/carpicture08/pic3828/38289799_009.jpg?,https://ci.encar.com/carpicture/carpicture08/pic3828/38289799_010.jpg?,https://ci.encar.com/carpicture/carpicture08/pic3828/38289799_015.jpg?,https://ci.encar.com/carpicture/carpicture08/pic3828/38289799_016.jpg?,https://ci.encar.com/carpicture/carpicture08/pic3828/38289799_017.jpg?,https://ci.encar.com/carpicture/carpicture08/pic3828/38289799_018.jpg?,https://ci.encar.com/carpicture/carpicture08/pic3828/38289799_019.jpg?,https://ci.encar.com/carpicture/carpicture08/pic3828/38289799_020.jpg?,https://ci.encar.com/carpicture/carpicture08/pic3828/38289799_021.jpg?,https://ci.encar.com/carpicture/carpicture08/pic3828/38289799_022.jpg?,https://ci.encar.com/carpicture/carpicture08/pic3828/38289799_023.jpg?,https://ci.encar.com/carpicture/carpicture08/pic3828/38289799_024.jpg?",Diesel 2.2 2WD,Дизель,АКПП,119 622,Март 2021,Kia>Sorento 4th Generation>Diesel 2.2 2WD
"Kia K5 Hybrid 3rd Generation, 2021",1997424,https://carskorea.shop///car/view/1997424,b'3\xc2\xa0087\xc2\xa0684',"https://ci.encar.com/carpicture/carpicture09/pic3829/38290432_001.jpg?,https://ci.encar.com/carpicture/carpicture09/pic3829/38290432_002.jpg?,https://ci.encar.com/carpicture/carpicture09/pic3829/38290432_003.jpg?,https://ci.encar.com/carpicture/carpicture09/pic3829/38290432_004.jpg?,https://ci.encar.com/carpicture/carpicture09/pic3829/38290432_005.jpg?,https://ci.encar.com/carpicture/carpicture09/pic3829/38290432_006.jpg?,https://ci.encar.com/carpicture/carpicture09/pic3829/38290432_007.jpg?,https://ci.encar.com/carpicture/carpicture09/pic3829/38290432_008.jpg?,https://ci.encar.com/carpicture/carpicture09/pic3829/38290432_009.jpg?,https://ci.encar.com/carpicture/carpicture09/pic3829/38290432_010.jpg?,https://ci.encar.com/carpicture/carpicture09/pic3829/38290432_015.jpg?,https://ci.encar.com/carpicture/carpicture09/pic3829/38290432_016.jpg?,https://ci.encar.com/carpicture/carpicture09/pic3829/38290432_017.jpg?,https://ci.encar.com/carpicture/carpicture09/pic3829/38290432_018.jpg?,https://ci.encar.com/carpicture/carpicture09/pic3829/38290432_019.jpg?,https://ci.encar.com/carpicture/carpicture09/pic3829/38290432_020.jpg?,https://ci.encar.com/carpicture/carpicture09/pic3829/38290432_021.jpg?,https://ci.encar.com/carpicture/carpicture09/pic3829/38290432_022.jpg?,https://ci.encar.com/carpicture/carpicture09/pic3829/38290432_023.jpg?,https://ci.encar.com/carpicture/carpicture09/pic3829/38290432_024.jpg?",Signature,Бензин + Электричество,АКПП,70 007,Март 2021,Kia>K5 Hybrid 3rd Generation>Signature
"Mercedes-Benz GLC-Class X253, 2023",1997422,https://carskorea.shop///car/view/1997422,b'9\xc2\xa0074\xc2\xa0629',"https://ci.encar.com/carpicture/carpicture10/pic3830/38301892_001.jpg?,https://ci.encar.com/carpicture/carpicture10/pic3830/38301892_002.jpg?,https://ci.encar.com/carpicture/carpicture10/pic3830/38301892_003.jpg?,https://ci.encar.com/carpicture/carpicture10/pic3830/38301892_004.jpg?,https://ci.encar.com/carpicture/carpicture10/pic3830/38301892_005.jpg?,https://ci.encar.com/carpicture/carpicture10/pic3830/38301892_006.jpg?,https://ci.encar.com/carpicture/carpicture10/pic3830/38301892_007.jpg?,https://ci.encar.com/carpicture/carpicture10/pic3830/38301892_008.jpg?,https://ci.encar.com/carpicture/carpicture10/pic3830/38301892_009.jpg?,https://ci.encar.com/carpicture/carpicture10/pic3830/38301892_010.jpg?,https://ci.encar.com/carpicture/carpicture10/pic3830/38301892_015.jpg?,https://ci.encar.com/carpicture/carpicture10/pic3830/38301892_016.jpg?,https://ci.encar.com/carpicture/carpicture10/pic3830/38301892_017.jpg?,https://ci.encar.com/carpicture/carpicture10/pic3830/38301892_018.jpg?,https://ci.encar.com/carpicture/carpicture10/pic3830/38301892_019.jpg?,https://ci.encar.com/carpicture/carpicture10/pic3830/38301892_020.jpg?,https://ci.encar.com/carpicture/carpicture10/pic3830/38301892_021.jpg?,https://ci.encar.com/carpicture/carpicture10/pic3830/38301892_022.jpg?,https://ci.encar.com/carpicture/carpicture10/pic3830/38301892_023.jpg?,https://ci.encar.com/carpicture/carpicture10/pic3830/38301892_024.jpg?",AMG GLC43 4MATIC Coupe,Бензин,АКПП,2 741,Ноябрь 2023,Mercedes-Benz>GLC-Class X253>AMG GLC43 4MATIC Coupe
"Mercedes-Benz S-Class W223, 2023",1997419,https://carskorea.shop///car/view/1997419,b'17\xc2\xa0656\xc2\xa0239',"https://ci.encar.com/carpicture/carpicture10/pic3830/38301935_001.jpg?,https://ci.encar.com/carpicture/carpicture10/pic3830/38301935_002.jpg?,https://ci.encar.com/carpicture/carpicture10/pic3830/38301935_003.jpg?,https://ci.encar.com/carpicture/carpicture10/pic3830/38301935_004.jpg?,https://ci.encar.com/carpicture/carpicture10/pic3830/38301935_005.jpg?,https://ci.encar.com/carpicture/carpicture10/pic3830/38301935_006.jpg?,https://ci.encar.com/carpicture/carpicture10/pic3830/38301935_007.jpg?,https://ci.encar.com/carpicture/carpicture10/pic3830/38301935_008.jpg?,https://ci.encar.com/carpicture/carpicture10/pic3830/38301935_009.jpg?,https://ci.encar.com/carpicture/carpicture10/pic3830/38301935_010.jpg?,https://ci.encar.com/carpicture/carpicture10/pic3830/38301935_015.jpg?,https://ci.encar.com/carpicture/carpicture10/pic3830/38301935_016.jpg?,https://ci.encar.com/carpicture/carpicture10/pic3830/38301935_017.jpg?,https://ci.encar.com/carpicture/carpicture10/pic3830/38301935_018.jpg?,https://ci.encar.com/carpicture/carpicture10/pic3830/38301935_019.jpg?,https://ci.encar.com/carpicture/carpicture10/pic3830/38301935_020.jpg?",S450L 4MATIC,Бензин,АКПП,9 250,Июль 2023,Mercedes-Benz>S-Class W223>S450L 4MATIC
"Hyundai The New Grand Starex, 2021",1997418,https://carskorea.shop///car/view/1997418,b'3\xc2\xa0504\xc2\xa0759',"https://ci.encar.com/carpicture/carpicture09/pic3829/38290434_001.jpg?,https://ci.encar.com/carpicture/carpicture09/pic3829/38290434_002.jpg?,https://ci.encar.com/carpicture/carpicture09/pic3829/38290434_003.jpg?,https://ci.encar.com/carpicture/carpicture09/pic3829/38290434_004.jpg?,https://ci.encar.com/carpicture/carpicture09/pic3829/38290434_005.jpg?,https://ci.encar.com/carpicture/carpicture09/pic3829/38290434_006.jpg?,https://ci.encar.com/carpicture/carpicture09/pic3829/38290434_007.jpg?,https://ci.encar.com/carpicture/carpicture09/pic3829/38290434_008.jpg?,https://ci.encar.com/carpicture/carpicture09/pic3829/38290434_009.jpg?,https://ci.encar.com/carpicture/carpicture09/pic3829/38290434_010.jpg?,https://ci.encar.com/carpicture/carpicture09/pic3829/38290434_015.jpg?,https://ci.encar.com/carpicture/carpicture09/pic3829/38290434_016.jpg?,https://ci.encar.com/carpicture/carpicture09/pic3829/38290434_017.jpg?,https://ci.encar.com/carpicture/carpicture09/pic3829/38290434_018.jpg?,https://ci.encar.com/carpicture/carpicture09/pic3829/38290434_019.jpg?,https://ci.encar.com/carpicture/carpicture09/pic3829/38290434_020.jpg?,https://ci.encar.com/carpicture/carpicture09/pic3829/38290434_021.jpg?,https://ci.encar.com/carpicture/carpicture09/pic3829/38290434_022.jpg?,https://ci.encar.com/carpicture/carpicture09/pic3829/38290434_023.jpg?,https://ci.encar.com/carpicture/carpicture09/pic3829/38290434_024.jpg?",Child Protection Car LPi,Газ,АКПП,3 447,Апрель 2021,Hyundai>The New Grand Starex>Child Protection Car LPi
"Genesis G70, 2020",1997416,https://carskorea.shop///car/view/1997416,b'3\xc2\xa0191\xc2\xa0128',"https://ci.encar.com/carpicture/carpicture09/pic3829/38297526_001.jpg?,https://ci.encar.com/carpicture/carpicture09/pic3829/38297526_002.jpg?,https://ci.encar.com/carpicture/carpicture09/pic3829/38297526_003.jpg?,https://ci.encar.com/carpicture/carpicture09/pic3829/38297526_004.jpg?,https://ci.encar.com/carpicture/carpicture09/pic3829/38297526_005.jpg?,https://ci.encar.com/carpicture/carpicture09/pic3829/38297526_006.jpg?,https://ci.encar.com/carpicture/carpicture09/pic3829/38297526_007.jpg?,https://ci.encar.com/carpicture/carpicture09/pic3829/38297526_008.jpg?,https://ci.encar.com/carpicture/carpicture09/pic3829/38297526_009.jpg?,https://ci.encar.com/carpicture/carpicture09/pic3829/38297526_010.jpg?,https://ci.encar.com/carpicture/carpicture09/pic3829/38297526_015.jpg?,https://ci.encar.com/carpicture/carpicture09/pic3829/38297526_016.jpg?,https://ci.encar.com/carpicture/carpicture09/pic3829/38297526_017.jpg?,https://ci.encar.com/carpicture/carpicture09/pic3829/38297526_018.jpg?,https://ci.encar.com/carpicture/carpicture09/pic3829/38297526_019.jpg?,https://ci.encar.com/carpicture/carpicture09/pic3829/38297526_020.jpg?,https://ci.encar.com/carpicture/carpicture09/pic3829/38297526_021.jpg?,https://ci.encar.com/carpicture/carpicture09/pic3829/38297526_022.jpg?,https://ci.encar.com/carpicture/carpicture09/pic3829/38297526_023.jpg?,https://ci.encar.com/carpicture/carpicture09/pic3829/38297526_024.jpg?",2.0T AWD,Бензин,АКПП,36 178,Январь 2020,Genesis>G70>2.0T AWD
"Hyundai Avante (CN7), 2020",1997414,https://carskorea.shop///car/view/1997414,b'2\xc2\xa0139\xc2\xa0822',"https://ci.encar.com/carpicture/carpicture10/pic3830/38300990_001.jpg?,https://ci.encar.com/carpicture/carpicture10/pic3830/38300990_002.jpg?,https://ci.encar.com/carpicture/carpicture10/pic3830/38300990_003.jpg?,https://ci.encar.com/carpicture/carpicture10/pic3830/38300990_004.jpg?,https://ci.encar.com/carpicture/carpicture10/pic3830/38300990_005.jpg?,https://ci.encar.com/carpicture/carpicture10/pic3830/38300990_006.jpg?,https://ci.encar.com/carpicture/carpicture10/pic3830/38300990_007.jpg?,https://ci.encar.com/carpicture/carpicture10/pic3830/38300990_008.jpg?,https://ci.encar.com/carpicture/carpicture10/pic3830/38300990_009.jpg?,https://ci.encar.com/carpicture/carpicture10/pic3830/38300990_010.jpg?,https://ci.encar.com/carpicture/carpicture10/pic3830/38300990_015.jpg?,https://ci.encar.com/carpicture/carpicture10/pic3830/38300990_016.jpg?,https://ci.encar.com/carpicture/carpicture10/pic3830/38300990_017.jpg?,https://ci.encar.com/carpicture/carpicture10/pic3830/38300990_018.jpg?,https://ci.encar.com/carpicture/carpicture10/pic3830/38300990_019.jpg?,https://ci.encar.com/carpicture/carpicture10/pic3830/38300990_020.jpg?,https://ci.encar.com/carpicture/carpicture10/pic3830/38300990_021.jpg?,https://ci.encar.com/carpicture/carpicture10/pic3830/38300990_022.jpg?,https://ci.encar.com/carpicture/carpicture10/pic3830/38300990_023.jpg?,https://ci.encar.com/carpicture/carpicture10/pic3830/38300990_024.jpg?",1.6,Бензин,АКПП,41 793,Июль 2020,Hyundai>Avante (CN7)>1.6
"Hyundai Sonata (DN8), 2019",1997412,https://carskorea.shop///car/view/1997412,b'2\xc2\xa0661\xc2\xa0656',"https://ci.encar.com/carpicture/carpicture09/pic3829/38296397_001.jpg?,https://ci.encar.com/carpicture/carpicture09/pic3829/38296397_002.jpg?,https://ci.encar.com/carpicture/carpicture09/pic3829/38296397_003.jpg?,https://ci.encar.com/carpicture/carpicture09/pic3829/38296397_004.jpg?,https://ci.encar.com/carpicture/carpicture09/pic3829/38296397_005.jpg?,https://ci.encar.com/carpicture/carpicture09/pic3829/38296397_006.jpg?,https://ci.encar.com/carpicture/carpicture09/pic3829/38296397_007.jpg?,https://ci.encar.com/carpicture/carpicture09/pic3829/38296397_008.jpg?,https://ci.encar.com/carpicture/carpicture09/pic3829/38296397_009.jpg?,https://ci.encar.com/carpicture/carpicture09/pic3829/38296397_010.jpg?,https://ci.encar.com/carpicture/carpicture09/pic3829/38296397_015.jpg?,https://ci.encar.com/carpicture/carpicture09/pic3829/38296397_016.jpg?,https://ci.encar.com/carpicture/carpicture09/pic3829/38296397_017.jpg?,https://ci.encar.com/carpicture/carpicture09/pic3829/38296397_018.jpg?,https://ci.encar.com/carpicture/carpicture09/pic3829/38296397_019.jpg?,https://ci.encar.com/carpicture/carpicture09/pic3829/38296397_020.jpg?,https://ci.encar.com/carpicture/carpicture09/pic3829/38296397_021.jpg?,https://ci.encar.com/carpicture/carpicture09/pic3829/38296397_022.jpg?,https://ci.encar.com/carpicture/carpicture09/pic3829/38296397_023.jpg?,https://ci.encar.com/carpicture/carpicture09/pic3829/38296397_024.jpg?",2.0 LPG (for car rental),Газ,АКПП,48 174,Октябрь 2019,Hyundai>Sonata (DN8)>2.0 LPG (for car rental)
"Kia Sportage 5th Generation, 2021",1997411,https://carskorea.shop///car/view/1997411,b'3\xc2\xa0229\xc2\xa0374',"https://ci.encar.com/carpicture/carpicture10/pic3830/38302400_001.jpg?,https://ci.encar.com/carpicture/carpicture10/pic3830/38302400_002.jpg?,https://ci.encar.com/carpicture/carpicture10/pic3830/38302400_003.jpg?,https://ci.encar.com/carpicture/carpicture10/pic3830/38302400_004.jpg?,https://ci.encar.com/carpicture/carpicture10/pic3830/38302400_005.jpg?,https://ci.encar.com/carpicture/carpicture10/pic3830/38302400_006.jpg?,https://ci.encar.com/carpicture/carpicture10/pic3830/38302400_007.jpg?,https://ci.encar.com/carpicture/carpicture10/pic3830/38302400_008.jpg?,https://ci.encar.com/carpicture/carpicture10/pic3830/38302400_009.jpg?,https://ci.encar.com/carpicture/carpicture10/pic3830/38302400_010.jpg?,https://ci.encar.com/carpicture/carpicture10/pic3830/38302400_015.jpg?,https://ci.encar.com/carpicture/carpicture10/pic3830/38302400_016.jpg?,https://ci.encar.com/carpicture/carpicture10/pic3830/38302400_017.jpg?,https://ci.encar.com/carpicture/carpicture10/pic3830/38302400_018.jpg?,https://ci.encar.com/carpicture/carpicture10/pic3830/38302400_019.jpg?,https://ci.encar.com/carpicture/carpicture10/pic3830/38302400_020.jpg?,https://ci.encar.com/carpicture/carpicture10/pic3830/38302400_021.jpg?,https://ci.encar.com/carpicture/carpicture10/pic3830/38302400_022.jpg?,https://ci.encar.com/carpicture/carpicture10/pic3830/38302400_023.jpg?,https://ci.encar.com/carpicture/carpicture10/pic3830/38302400_024.jpg?",Gasoline 1.6 Turbo 2WD,Бензин,АКПП,53 728,Июль 2021,Kia>Sportage 5th Generation>Gasoline 1.6 Turbo 2WD
"Ssangyong The New Rexton Sports Cannes, 2023",1997406,https://carskorea.shop///car/view/1997406,b'4\xc2\xa0306\xc2\xa0574',"https://ci.encar.com/carpicture/carpicture10/pic3830/38300596_001.jpg?,https://ci.encar.com/carpicture/carpicture10/pic3830/38300596_002.jpg?,https://ci.encar.com/carpicture/carpicture10/pic3830/38300596_003.jpg?,https://ci.encar.com/carpicture/carpicture10/pic3830/38300596_004.jpg?,https://ci.encar.com/carpicture/carpicture10/pic3830/38300596_005.jpg?,https://ci.encar.com/carpicture/carpicture10/pic3830/38300596_006.jpg?,https://ci.encar.com/carpicture/carpicture10/pic3830/38300596_007.jpg?,https://ci.encar.com/carpicture/carpicture10/pic3830/38300596_008.jpg?,https://ci.encar.com/carpicture/carpicture10/pic3830/38300596_009.jpg?,https://ci.encar.com/carpicture/carpicture10/pic3830/38300596_010.jpg?,https://ci.encar.com/carpicture/carpicture10/pic3830/38300596_015.jpg?,https://ci.encar.com/carpicture/carpicture10/pic3830/38300596_016.jpg?,https://ci.encar.com/carpicture/carpicture10/pic3830/38300596_017.jpg?,https://ci.encar.com/carpicture/carpicture10/pic3830/38300596_018.jpg?,https://ci.encar.com/carpicture/carpicture10/pic3830/38300596_019.jpg?,https://ci.encar.com/carpicture/carpicture10/pic3830/38300596_020.jpg?,https://ci.encar.com/carpicture/carpicture10/pic3830/38300596_021.jpg?,https://ci.encar.com/carpicture/carpicture10/pic3830/38300596_022.jpg?,https://ci.encar.com/carpicture/carpicture10/pic3830/38300596_023.jpg?,https://ci.encar.com/carpicture/carpicture10/pic3830/38300596_024.jpg?",Diesel 2.2 4WD,Дизель,АКПП,9 609,Апрель 2023,Ssangyong>The New Rexton Sports Cannes>Diesel 2.2 4WD
"Chevrolet (GM Daewoo) The New Malibu, 2019",1997405,https://carskorea.shop///car/view/1997405,b'1\xc2\xa0889\xc2\xa0820',"https://ci.encar.com/carpicture/carpicture08/pic3828/38289505_001.jpg?,https://ci.encar.com/carpicture/carpicture08/pic3828/38289505_002.jpg?,https://ci.encar.com/carpicture/carpicture08/pic3828/38289505_003.jpg?,https://ci.encar.com/carpicture/carpicture08/pic3828/38289505_004.jpg?,https://ci.encar.com/carpicture/carpicture08/pic3828/38289505_005.jpg?,https://ci.encar.com/carpicture/carpicture08/pic3828/38289505_006.jpg?,https://ci.encar.com/carpicture/carpicture08/pic3828/38289505_007.jpg?,https://ci.encar.com/carpicture/carpicture08/pic3828/38289505_008.jpg?,https://ci.encar.com/carpicture/carpicture08/pic3828/38289505_009.jpg?,https://ci.encar.com/carpicture/carpicture08/pic3828/38289505_010.jpg?,https://ci.encar.com/carpicture/carpicture08/pic3828/38289505_015.jpg?,https://ci.encar.com/carpicture/carpicture08/pic3828/38289505_016.jpg?,https://ci.encar.com/carpicture/carpicture08/pic3828/38289505_017.jpg?,https://ci.encar.com/carpicture/carpicture08/pic3828/38289505_018.jpg?,https://ci.encar.com/carpicture/carpicture08/pic3828/38289505_019.jpg?,https://ci.encar.com/carpicture/carpicture08/pic3828/38289505_020.jpg?,https://ci.encar.com/carpicture/carpicture08/pic3828/38289505_021.jpg?,https://ci.encar.com/carpicture/carpicture08/pic3828/38289505_022.jpg?,https://ci.encar.com/carpicture/carpicture08/pic3828/38289505_023.jpg?,https://ci.encar.com/carpicture/carpicture08/pic3828/38289505_024.jpg?",1.3 Turbo Premier,Бензин,АКПП,77 061,Октябрь 2019,Chevrolet (GM Daewoo)>(GM Daewoo) The New Malibu>1.3 Turbo Premier
"Hyundai Palisade, 2019",1997404,https://carskorea.shop///car/view/1997404,b'7\xc2\xa0183\xc2\xa0865',"https://ci.encar.com/carpicture/carpicture09/pic3829/38292279_001.jpg?,https://ci.encar.com/carpicture/carpicture09/pic3829/38292279_002.jpg?,https://ci.encar.com/carpicture/carpicture09/pic3829/38292279_003.jpg?,https://ci.encar.com/carpicture/carpicture09/pic3829/38292279_004.jpg?,https://ci.encar.com/carpicture/carpicture09/pic3829/38292279_005.jpg?,https://ci.encar.com/carpicture/carpicture09/pic3829/38292279_006.jpg?,https://ci.encar.com/carpicture/carpicture09/pic3829/38292279_007.jpg?,https://ci.encar.com/carpicture/carpicture09/pic3829/38292279_008.jpg?,https://ci.encar.com/carpicture/carpicture09/pic3829/38292279_009.jpg?,https://ci.encar.com/carpicture/carpicture09/pic3829/38292279_010.jpg?,https://ci.encar.com/carpicture/carpicture09/pic3829/38292279_015.jpg?,https://ci.encar.com/carpicture/carpicture09/pic3829/38292279_016.jpg?,https://ci.encar.com/carpicture/carpicture09/pic3829/38292279_017.jpg?,https://ci.encar.com/carpicture/carpicture09/pic3829/38292279_018.jpg?,https://ci.encar.com/carpicture/carpicture09/pic3829/38292279_019.jpg?,https://ci.encar.com/carpicture/carpicture09/pic3829/38292279_020.jpg?,https://ci.encar.com/carpicture/carpicture09/pic3829/38292279_021.jpg?,https://ci.encar.com/carpicture/carpicture09/pic3829/38292279_022.jpg?,https://ci.encar.com/carpicture/carpicture09/pic3829/38292279_023.jpg?,https://ci.encar.com/carpicture/carpicture09/pic3829/38292279_024.jpg?",Gasoline 3.8 4WD,Бензин,АКПП,69 890,Декабрь 2019,Hyundai>Palisade>Gasoline 3.8 4WD
"Hyundai Casper, 2021",1997402,https://carskorea.shop///car/view/1997402,b'2\xc2\xa0035\xc2\xa0723',"https://ci.encar.com/carpicture/carpicture09/pic3829/38291372_001.jpg?,https://ci.encar.com/carpicture/carpicture09/pic3829/38291372_002.jpg?,https://ci.encar.com/carpicture/carpicture09/pic3829/38291372_003.jpg?,https://ci.encar.com/carpicture/carpicture09/pic3829/38291372_004.jpg?,https://ci.encar.com/carpicture/carpicture09/pic3829/38291372_005.jpg?,https://ci.encar.com/carpicture/carpicture09/pic3829/38291372_006.jpg?,https://ci.encar.com/carpicture/carpicture09/pic3829/38291372_007.jpg?,https://ci.encar.com/carpicture/carpicture09/pic3829/38291372_008.jpg?,https://ci.encar.com/carpicture/carpicture09/pic3829/38291372_009.jpg?,https://ci.encar.com/carpicture/carpicture09/pic3829/38291372_010.jpg?,https://ci.encar.com/carpicture/carpicture09/pic3829/38291372_015.jpg?,https://ci.encar.com/carpicture/carpicture09/pic3829/38291372_016.jpg?,https://ci.encar.com/carpicture/carpicture09/pic3829/38291372_017.jpg?,https://ci.encar.com/carpicture/carpicture09/pic3829/38291372_018.jpg?,https://ci.encar.com/carpicture/carpicture09/pic3829/38291372_019.jpg?,https://ci.encar.com/carpicture/carpicture09/pic3829/38291372_020.jpg?,https://ci.encar.com/carpicture/carpicture09/pic3829/38291372_021.jpg?,https://ci.encar.com/carpicture/carpicture09/pic3829/38291372_022.jpg?,https://ci.encar.com/carpicture/carpicture09/pic3829/38291372_023.jpg?,https://ci.encar.com/carpicture/carpicture09/pic3829/38291372_024.jpg?",Turbo Inspiration,Бензин,АКПП,84 507,Декабрь 2021,Hyundai>Casper>Turbo Inspiration
"Hyundai The New Santa Fe, 2024",1997400,https://carskorea.shop///car/view/1997400,b'4\xc2\xa0518\xc2\xa0460',"https://ci.encar.com/carpicture/carpicture10/pic3830/38302153_001.jpg?,https://ci.encar.com/carpicture/carpicture10/pic3830/38302153_002.jpg?,https://ci.encar.com/carpicture/carpicture10/pic3830/38302153_003.jpg?,https://ci.encar.com/carpicture/carpicture10/pic3830/38302153_004.jpg?,https://ci.encar.com/carpicture/carpicture10/pic3830/38302153_005.jpg?,https://ci.encar.com/carpicture/carpicture10/pic3830/38302153_006.jpg?,https://ci.encar.com/carpicture/carpicture10/pic3830/38302153_007.jpg?,https://ci.encar.com/carpicture/carpicture10/pic3830/38302153_008.jpg?,https://ci.encar.com/carpicture/carpicture10/pic3830/38302153_009.jpg?,https://ci.encar.com/carpicture/carpicture10/pic3830/38302153_010.jpg?,https://ci.encar.com/carpicture/carpicture10/pic3830/38302153_015.jpg?,https://ci.encar.com/carpicture/carpicture10/pic3830/38302153_016.jpg?,https://ci.encar.com/carpicture/carpicture10/pic3830/38302153_017.jpg?,https://ci.encar.com/carpicture/carpicture10/pic3830/38302153_018.jpg?,https://ci.encar.com/carpicture/carpicture10/pic3830/38302153_019.jpg?,https://ci.encar.com/carpicture/carpicture10/pic3830/38302153_020.jpg?,https://ci.encar.com/carpicture/carpicture10/pic3830/38302153_021.jpg?,https://ci.encar.com/carpicture/carpicture10/pic3830/38302153_022.jpg?,https://ci.encar.com/carpicture/carpicture10/pic3830/38302153_023.jpg?",Gasoline 2.5 T 2WD,Бензин,АКПП,6 386,Февраль 2024,Hyundai>The New Santa Fe>Gasoline 2.5 T 2WD
"Kia Sportage The Bold, 2020",1997399,https://carskorea.shop///car/view/1997399,b'2\xc2\xa0133\xc2\xa0343',"https://ci.encar.com/carpicture/carpicture09/pic3829/38290464_001.jpg?,https://ci.encar.com/carpicture/carpicture09/pic3829/38290464_002.jpg?,https://ci.encar.com/carpicture/carpicture09/pic3829/38290464_003.jpg?,https://ci.encar.com/carpicture/carpicture09/pic3829/38290464_004.jpg?,https://ci.encar.com/carpicture/carpicture09/pic3829/38290464_005.jpg?,https://ci.encar.com/carpicture/carpicture09/pic3829/38290464_006.jpg?,https://ci.encar.com/carpicture/carpicture09/pic3829/38290464_007.jpg?,https://ci.encar.com/carpicture/carpicture09/pic3829/38290464_008.jpg?,https://ci.encar.com/carpicture/carpicture09/pic3829/38290464_009.jpg?,https://ci.encar.com/carpicture/carpicture09/pic3829/38290464_010.jpg?,https://ci.encar.com/carpicture/carpicture09/pic3829/38290464_015.jpg?,https://ci.encar.com/carpicture/carpicture09/pic3829/38290464_016.jpg?,https://ci.encar.com/carpicture/carpicture09/pic3829/38290464_017.jpg?,https://ci.encar.com/carpicture/carpicture09/pic3829/38290464_018.jpg?,https://ci.encar.com/carpicture/carpicture09/pic3829/38290464_019.jpg?,https://ci.encar.com/carpicture/carpicture09/pic3829/38290464_020.jpg?,https://ci.encar.com/carpicture/carpicture09/pic3829/38290464_021.jpg?,https://ci.encar.com/carpicture/carpicture09/pic3829/38290464_022.jpg?,https://ci.encar.com/carpicture/carpicture09/pic3829/38290464_023.jpg?,https://ci.encar.com/carpicture/carpicture09/pic3829/38290464_024.jpg?",Diesel 2.0 2WD,Дизель,АКПП,134 253,Октябрь 2020,Kia>Sportage The Bold>Diesel 2.0 2WD
"Kia Sorento 4th Generation, 2021",1997392,https://carskorea.shop///car/view/1997392,b'3\xc2\xa0304\xc2\xa0001',"https://ci.encar.com/carpicture/carpicture08/pic3828/38289543_001.jpg?,https://ci.encar.com/carpicture/carpicture08/pic3828/38289543_002.jpg?,https://ci.encar.com/carpicture/carpicture08/pic3828/38289543_003.jpg?,https://ci.encar.com/carpicture/carpicture08/pic3828/38289543_004.jpg?,https://ci.encar.com/carpicture/carpicture08/pic3828/38289543_005.jpg?,https://ci.encar.com/carpicture/carpicture08/pic3828/38289543_006.jpg?,https://ci.encar.com/carpicture/carpicture08/pic3828/38289543_007.jpg?,https://ci.encar.com/carpicture/carpicture08/pic3828/38289543_008.jpg?,https://ci.encar.com/carpicture/carpicture08/pic3828/38289543_009.jpg?,https://ci.encar.com/carpicture/carpicture08/pic3828/38289543_010.jpg?,https://ci.encar.com/carpicture/carpicture08/pic3828/38289543_015.jpg?,https://ci.encar.com/carpicture/carpicture08/pic3828/38289543_016.jpg?,https://ci.encar.com/carpicture/carpicture08/pic3828/38289543_017.jpg?,https://ci.encar.com/carpicture/carpicture08/pic3828/38289543_018.jpg?,https://ci.encar.com/carpicture/carpicture08/pic3828/38289543_019.jpg?,https://ci.encar.com/carpicture/carpicture08/pic3828/38289543_020.jpg?,https://ci.encar.com/carpicture/carpicture08/pic3828/38289543_021.jpg?,https://ci.encar.com/carpicture/carpicture08/pic3828/38289543_022.jpg?,https://ci.encar.com/carpicture/carpicture08/pic3828/38289543_023.jpg?,https://ci.encar.com/carpicture/carpicture08/pic3828/38289543_024.jpg?",HEV 1.6 2WD,Бензин + Электричество,АКПП,53 251,Июнь 2021,Kia>Sorento 4th Generation>HEV 1.6 2WD
"Hyundai Avante (CN7), 2020",1997387,https://carskorea.shop///car/view/1997387,b'2\xc2\xa0356\xc2\xa0240',"https://ci.encar.com/carpicture/carpicture10/pic3830/38302512_001.jpg?,https://ci.encar.com/carpicture/carpicture10/pic3830/38302512_002.jpg?,https://ci.encar.com/carpicture/carpicture10/pic3830/38302512_003.jpg?,https://ci.encar.com/carpicture/carpicture10/pic3830/38302512_004.jpg?,https://ci.encar.com/carpicture/carpicture10/pic3830/38302512_005.jpg?,https://ci.encar.com/carpicture/carpicture10/pic3830/38302512_006.jpg?,https://ci.encar.com/carpicture/carpicture10/pic3830/38302512_007.jpg?,https://ci.encar.com/carpicture/carpicture10/pic3830/38302512_008.jpg?,https://ci.encar.com/carpicture/carpicture10/pic3830/38302512_009.jpg?,https://ci.encar.com/carpicture/carpicture10/pic3830/38302512_010.jpg?,https://ci.encar.com/carpicture/carpicture10/pic3830/38302512_015.jpg?,https://ci.encar.com/carpicture/carpicture10/pic3830/38302512_016.jpg?,https://ci.encar.com/carpicture/carpicture10/pic3830/38302512_017.jpg?,https://ci.encar.com/carpicture/carpicture10/pic3830/38302512_018.jpg?,https://ci.encar.com/carpicture/carpicture10/pic3830/38302512_019.jpg?,https://ci.encar.com/carpicture/carpicture10/pic3830/38302512_020.jpg?,https://ci.encar.com/carpicture/carpicture10/pic3830/38302512_021.jpg?,https://ci.encar.com/carpicture/carpicture10/pic3830/38302512_022.jpg?,https://ci.encar.com/carpicture/carpicture10/pic3830/38302512_023.jpg?,https://ci.encar.com/carpicture/carpicture10/pic3830/38302512_024.jpg?",1.6,Бензин,АКПП,24 517,Октябрь 2020,Hyundai>Avante (CN7)>1.6
"Kia Sorento 4th Generation, 2020",1997382,https://carskorea.shop///car/view/1997382,b'3\xc2\xa0408\xc2\xa0479',"https://ci.encar.com/carpicture/carpicture10/pic3830/38300214_001.jpg?,https://ci.encar.com/carpicture/carpicture10/pic3830/38300214_002.jpg?,https://ci.encar.com/carpicture/carpicture10/pic3830/38300214_003.jpg?,https://ci.encar.com/carpicture/carpicture10/pic3830/38300214_004.jpg?,https://ci.encar.com/carpicture/carpicture10/pic3830/38300214_005.jpg?,https://ci.encar.com/carpicture/carpicture10/pic3830/38300214_006.jpg?,https://ci.encar.com/carpicture/carpicture10/pic3830/38300214_007.jpg?,https://ci.encar.com/carpicture/carpicture10/pic3830/38300214_008.jpg?,https://ci.encar.com/carpicture/carpicture10/pic3830/38300214_009.jpg?,https://ci.encar.com/carpicture/carpicture10/pic3830/38300214_010.jpg?,https://ci.encar.com/carpicture/carpicture10/pic3830/38300214_015.jpg?,https://ci.encar.com/carpicture/carpicture10/pic3830/38300214_016.jpg?,https://ci.encar.com/carpicture/carpicture10/pic3830/38300214_017.jpg?,https://ci.encar.com/carpicture/carpicture10/pic3830/38300214_018.jpg?,https://ci.encar.com/carpicture/carpicture10/pic3830/38300214_019.jpg?,https://ci.encar.com/carpicture/carpicture10/pic3830/38300214_020.jpg?,https://ci.encar.com/carpicture/carpicture10/pic3830/38300214_021.jpg?,https://ci.encar.com/carpicture/carpicture10/pic3830/38300214_022.jpg?,https://ci.encar.com/carpicture/carpicture10/pic3830/38300214_023.jpg?,https://ci.encar.com/carpicture/carpicture10/pic3830/38300214_024.jpg?",HEV 1.6 2WD,Бензин + Электричество,АКПП,110 784,Сентябрь 2020,Kia>Sorento 4th Generation>HEV 1.6 2WD
"Mercedes-Benz CLS-Class C257, 2020",1997380,https://carskorea.shop///car/view/1997380,b'4\xc2\xa0487\xc2\xa0511',"https://ci.encar.com/carpicture/carpicture10/pic3830/38302473_001.jpg?,https://ci.encar.com/carpicture/carpicture10/pic3830/38302473_002.jpg?,https://ci.encar.com/carpicture/carpicture10/pic3830/38302473_003.jpg?,https://ci.encar.com/carpicture/carpicture10/pic3830/38302473_004.jpg?,https://ci.encar.com/carpicture/carpicture10/pic3830/38302473_005.jpg?,https://ci.encar.com/carpicture/carpicture10/pic3830/38302473_006.jpg?,https://ci.encar.com/carpicture/carpicture10/pic3830/38302473_007.jpg?,https://ci.encar.com/carpicture/carpicture10/pic3830/38302473_008.jpg?,https://ci.encar.com/carpicture/carpicture10/pic3830/38302473_009.jpg?,https://ci.encar.com/carpicture/carpicture10/pic3830/38302473_010.jpg?,https://ci.encar.com/carpicture/carpicture10/pic3830/38302473_015.jpg?,https://ci.encar.com/carpicture/carpicture10/pic3830/38302473_016.jpg?,https://ci.encar.com/carpicture/carpicture10/pic3830/38302473_017.jpg?,https://ci.encar.com/carpicture/carpicture10/pic3830/38302473_018.jpg?",CLS300d AMG Line,Дизель,АКПП,72 721,Апрель 2020,Mercedes-Benz>CLS-Class C257>CLS300d AMG Line
"Porsche Panamera (971), 2018",1997374,https://carskorea.shop///car/view/1997374,b'7\xc2\xa0629\xc2\xa0960',"https://ci.encar.com/carpicture/carpicture10/pic3830/38301768_001.jpg?,https://ci.encar.com/carpicture/carpicture10/pic3830/38301768_002.jpg?,https://ci.encar.com/carpicture/carpicture10/pic3830/38301768_003.jpg?,https://ci.encar.com/carpicture/carpicture10/pic3830/38301768_004.jpg?,https://ci.encar.com/carpicture/carpicture10/pic3830/38301768_005.jpg?,https://ci.encar.com/carpicture/carpicture10/pic3830/38301768_006.jpg?,https://ci.encar.com/carpicture/carpicture10/pic3830/38301768_007.jpg?,https://ci.encar.com/carpicture/carpicture10/pic3830/38301768_008.jpg?,https://ci.encar.com/carpicture/carpicture10/pic3830/38301768_009.jpg?,https://ci.encar.com/carpicture/carpicture10/pic3830/38301768_010.jpg?,https://ci.encar.com/carpicture/carpicture10/pic3830/38301768_015.jpg?,https://ci.encar.com/carpicture/carpicture10/pic3830/38301768_016.jpg?,https://ci.encar.com/carpicture/carpicture10/pic3830/38301768_017.jpg?,https://ci.encar.com/carpicture/carpicture10/pic3830/38301768_018.jpg?,https://ci.encar.com/carpicture/carpicture10/pic3830/38301768_019.jpg?,https://ci.encar.com/carpicture/carpicture10/pic3830/38301768_020.jpg?,https://ci.encar.com/carpicture/carpicture10/pic3830/38301768_021.jpg?,https://ci.encar.com/carpicture/carpicture10/pic3830/38301768_022.jpg?,https://ci.encar.com/carpicture/carpicture10/pic3830/38301768_023.jpg?,https://ci.encar.com/carpicture/carpicture10/pic3830/38301768_024.jpg?",3.0 AWD,Бензин,АКПП,91 456,Февраль 2018,Porsche>Panamera (971)>3.0 AWD
"Hyundai Casper, 2022",1997373,https://carskorea.shop///car/view/1997373,b'2\xc2\xa0293\xc2\xa0010',"https://ci.encar.com/carpicture/carpicture09/pic3829/38296644_001.jpg?,https://ci.encar.com/carpicture/carpicture09/pic3829/38296644_002.jpg?,https://ci.encar.com/carpicture/carpicture09/pic3829/38296644_003.jpg?,https://ci.encar.com/carpicture/carpicture09/pic3829/38296644_004.jpg?,https://ci.encar.com/carpicture/carpicture09/pic3829/38296644_005.jpg?,https://ci.encar.com/carpicture/carpicture09/pic3829/38296644_006.jpg?,https://ci.encar.com/carpicture/carpicture09/pic3829/38296644_007.jpg?,https://ci.encar.com/carpicture/carpicture09/pic3829/38296644_008.jpg?,https://ci.encar.com/carpicture/carpicture09/pic3829/38296644_009.jpg?,https://ci.encar.com/carpicture/carpicture09/pic3829/38296644_010.jpg?,https://ci.encar.com/carpicture/carpicture09/pic3829/38296644_015.jpg?,https://ci.encar.com/carpicture/carpicture09/pic3829/38296644_016.jpg?,https://ci.encar.com/carpicture/carpicture09/pic3829/38296644_017.jpg?,https://ci.encar.com/carpicture/carpicture09/pic3829/38296644_018.jpg?,https://ci.encar.com/carpicture/carpicture09/pic3829/38296644_019.jpg?,https://ci.encar.com/carpicture/carpicture09/pic3829/38296644_020.jpg?,https://ci.encar.com/carpicture/carpicture09/pic3829/38296644_021.jpg?,https://ci.encar.com/carpicture/carpicture09/pic3829/38296644_022.jpg?,https://ci.encar.com/carpicture/carpicture09/pic3829/38296644_023.jpg?,https://ci.encar.com/carpicture/carpicture09/pic3829/38296644_024.jpg?",Turbo Inspiration,Бензин,АКПП,21 291,Июнь 2022,Hyundai>Casper>Turbo Inspiration
"Mercedes-Benz E-Class W213, 2020",1997368,https://carskorea.shop///car/view/1997368,b'2\xc2\xa0916\xc2\xa0877',"https://ci.encar.com/carpicture/carpicture09/pic3829/38292604_001.jpg?,https://ci.encar.com/carpicture/carpicture09/pic3829/38292604_002.jpg?,https://ci.encar.com/carpicture/carpicture09/pic3829/38292604_003.jpg?,https://ci.encar.com/carpicture/carpicture09/pic3829/38292604_004.jpg?,https://ci.encar.com/carpicture/carpicture09/pic3829/38292604_005.jpg?,https://ci.encar.com/carpicture/carpicture09/pic3829/38292604_006.jpg?,https://ci.encar.com/carpicture/carpicture09/pic3829/38292604_007.jpg?,https://ci.encar.com/carpicture/carpicture09/pic3829/38292604_008.jpg?,https://ci.encar.com/carpicture/carpicture09/pic3829/38292604_009.jpg?,https://ci.encar.com/carpicture/carpicture09/pic3829/38292604_010.jpg?,https://ci.encar.com/carpicture/carpicture09/pic3829/38292604_015.jpg?,https://ci.encar.com/carpicture/carpicture09/pic3829/38292604_016.jpg?,https://ci.encar.com/carpicture/carpicture09/pic3829/38292604_017.jpg?,https://ci.encar.com/carpicture/carpicture09/pic3829/38292604_018.jpg?,https://ci.encar.com/carpicture/carpicture09/pic3829/38292604_019.jpg?,https://ci.encar.com/carpicture/carpicture09/pic3829/38292604_020.jpg?,https://ci.encar.com/carpicture/carpicture09/pic3829/38292604_021.jpg?,https://ci.encar.com/carpicture/carpicture09/pic3829/38292604_022.jpg?,https://ci.encar.com/carpicture/carpicture09/pic3829/38292604_023.jpg?,https://ci.encar.com/carpicture/carpicture09/pic3829/38292604_024.jpg?",E220d 4MATIC Exclusive,Дизель,АКПП,149 685,Август 2020,Mercedes-Benz>E-Class W213>E220d 4MATIC Exclusive
"Hyundai Palisade, 2019",1997367,https://carskorea.shop///car/view/1997367,b'2\xc2\xa0994\xc2\xa0276',"https://ci.encar.com/carpicture/carpicture09/pic3829/38295761_001.jpg?,https://ci.encar.com/carpicture/carpicture09/pic3829/38295761_002.jpg?,https://ci.encar.com/carpicture/carpicture09/pic3829/38295761_003.jpg?,https://ci.encar.com/carpicture/carpicture09/pic3829/38295761_004.jpg?,https://ci.encar.com/carpicture/carpicture09/pic3829/38295761_005.jpg?,https://ci.encar.com/carpicture/carpicture09/pic3829/38295761_006.jpg?,https://ci.encar.com/carpicture/carpicture09/pic3829/38295761_007.jpg?,https://ci.encar.com/carpicture/carpicture09/pic3829/38295761_008.jpg?,https://ci.encar.com/carpicture/carpicture09/pic3829/38295761_009.jpg?,https://ci.encar.com/carpicture/carpicture09/pic3829/38295761_010.jpg?,https://ci.encar.com/carpicture/carpicture09/pic3829/38295761_015.jpg?,https://ci.encar.com/carpicture/carpicture09/pic3829/38295761_016.jpg?,https://ci.encar.com/carpicture/carpicture09/pic3829/38295761_017.jpg?,https://ci.encar.com/carpicture/carpicture09/pic3829/38295761_018.jpg?,https://ci.encar.com/carpicture/carpicture09/pic3829/38295761_019.jpg?,https://ci.encar.com/carpicture/carpicture09/pic3829/38295761_020.jpg?,https://ci.encar.com/carpicture/carpicture09/pic3829/38295761_021.jpg?,https://ci.encar.com/carpicture/carpicture09/pic3829/38295761_022.jpg?,https://ci.encar.com/carpicture/carpicture09/pic3829/38295761_023.jpg?,https://ci.encar.com/carpicture/carpicture09/pic3829/38295761_024.jpg?",Diesel 2.2 4WD,Дизель,АКПП,94 536,Декабрь 2019,Hyundai>Palisade>Diesel 2.2 4WD
"Hyundai Avante (CN7), 2022",1997366,https://carskorea.shop///car/view/1997366,b'2\xc2\xa0346\xc2\xa0667',"https://ci.encar.com/carpicture/carpicture09/pic3829/38290058_001.jpg?,https://ci.encar.com/carpicture/carpicture09/pic3829/38290058_002.jpg?,https://ci.encar.com/carpicture/carpicture09/pic3829/38290058_003.jpg?,https://ci.encar.com/carpicture/carpicture09/pic3829/38290058_004.jpg?,https://ci.encar.com/carpicture/carpicture09/pic3829/38290058_005.jpg?,https://ci.encar.com/carpicture/carpicture09/pic3829/38290058_006.jpg?,https://ci.encar.com/carpicture/carpicture09/pic3829/38290058_007.jpg?,https://ci.encar.com/carpicture/carpicture09/pic3829/38290058_008.jpg?,https://ci.encar.com/carpicture/carpicture09/pic3829/38290058_009.jpg?,https://ci.encar.com/carpicture/carpicture09/pic3829/38290058_010.jpg?,https://ci.encar.com/carpicture/carpicture09/pic3829/38290058_015.jpg?,https://ci.encar.com/carpicture/carpicture09/pic3829/38290058_016.jpg?,https://ci.encar.com/carpicture/carpicture09/pic3829/38290058_017.jpg?,https://ci.encar.com/carpicture/carpicture09/pic3829/38290058_018.jpg?,https://ci.encar.com/carpicture/carpicture09/pic3829/38290058_019.jpg?,https://ci.encar.com/carpicture/carpicture09/pic3829/38290058_020.jpg?,https://ci.encar.com/carpicture/carpicture09/pic3829/38290058_021.jpg?,https://ci.encar.com/carpicture/carpicture09/pic3829/38290058_022.jpg?,https://ci.encar.com/carpicture/carpicture09/pic3829/38290058_023.jpg?,https://ci.encar.com/carpicture/carpicture09/pic3829/38290058_024.jpg?",1.6,Бензин,АКПП,14 877,Сентябрь 2022,Hyundai>Avante (CN7)>1.6
"Hyundai The New Palisade, 2022",1997365,https://carskorea.shop///car/view/1997365,b'5\xc2\xa0615\xc2\xa0721',"https://ci.encar.com/carpicture/carpicture08/pic3828/38284143_001.jpg?,https://ci.encar.com/carpicture/carpicture08/pic3828/38284143_002.jpg?,https://ci.encar.com/carpicture/carpicture08/pic3828/38284143_003.jpg?,https://ci.encar.com/carpicture/carpicture08/pic3828/38284143_004.jpg?,https://ci.encar.com/carpicture/carpicture08/pic3828/38284143_005.jpg?,https://ci.encar.com/carpicture/carpicture08/pic3828/38284143_006.jpg?,https://ci.encar.com/carpicture/carpicture08/pic3828/38284143_007.jpg?,https://ci.encar.com/carpicture/carpicture08/pic3828/38284143_008.jpg?,https://ci.encar.com/carpicture/carpicture08/pic3828/38284143_009.jpg?,https://ci.encar.com/carpicture/carpicture08/pic3828/38284143_010.jpg?,https://ci.encar.com/carpicture/carpicture08/pic3828/38284143_015.jpg?,https://ci.encar.com/carpicture/carpicture08/pic3828/38284143_016.jpg?,https://ci.encar.com/carpicture/carpicture08/pic3828/38284143_017.jpg?,https://ci.encar.com/carpicture/carpicture08/pic3828/38284143_018.jpg?,https://ci.encar.com/carpicture/carpicture08/pic3828/38284143_019.jpg?,https://ci.encar.com/carpicture/carpicture08/pic3828/38284143_020.jpg?,https://ci.encar.com/carpicture/carpicture08/pic3828/38284143_021.jpg?,https://ci.encar.com/carpicture/carpicture08/pic3828/38284143_022.jpg?,https://ci.encar.com/carpicture/carpicture08/pic3828/38284143_023.jpg?,https://ci.encar.com/carpicture/carpicture08/pic3828/38284143_024.jpg?",Diesel 2.2 2WD,Дизель,АКПП,25 341,Сентябрь 2022,Hyundai>The New Palisade>Diesel 2.2 2WD
"Hyundai The New Palisade, 2022",1997364,https://carskorea.shop///car/view/1997364,b'5\xc2\xa0471\xc2\xa0006',"https://ci.encar.com/carpicture/carpicture05/pic3825/38250025_001.jpg?,https://ci.encar.com/carpicture/carpicture05/pic3825/38250025_002.jpg?,https://ci.encar.com/carpicture/carpicture05/pic3825/38250025_003.jpg?,https://ci.encar.com/carpicture/carpicture05/pic3825/38250025_004.jpg?,https://ci.encar.com/carpicture/carpicture05/pic3825/38250025_005.jpg?,https://ci.encar.com/carpicture/carpicture05/pic3825/38250025_006.jpg?,https://ci.encar.com/carpicture/carpicture05/pic3825/38250025_007.jpg?,https://ci.encar.com/carpicture/carpicture05/pic3825/38250025_008.jpg?,https://ci.encar.com/carpicture/carpicture05/pic3825/38250025_009.jpg?,https://ci.encar.com/carpicture/carpicture05/pic3825/38250025_010.jpg?,https://ci.encar.com/carpicture/carpicture05/pic3825/38250025_015.jpg?,https://ci.encar.com/carpicture/carpicture05/pic3825/38250025_016.jpg?,https://ci.encar.com/carpicture/carpicture05/pic3825/38250025_017.jpg?,https://ci.encar.com/carpicture/carpicture05/pic3825/38250025_018.jpg?,https://ci.encar.com/carpicture/carpicture05/pic3825/38250025_019.jpg?,https://ci.encar.com/carpicture/carpicture05/pic3825/38250025_020.jpg?,https://ci.encar.com/carpicture/carpicture05/pic3825/38250025_021.jpg?,https://ci.encar.com/carpicture/carpicture05/pic3825/38250025_022.jpg?,https://ci.encar.com/carpicture/carpicture05/pic3825/38250025_023.jpg?,https://ci.encar.com/carpicture/carpicture05/pic3825/38250025_024.jpg?",Diesel 2.2 2WD,Дизель,АКПП,31 202,Август 2022,Hyundai>The New Palisade>Diesel 2.2 2WD
"Hyundai The New Palisade, 2022",1997363,https://carskorea.shop///car/view/1997363,b'8\xc2\xa0356\xc2\xa0780',"https://ci.encar.com/carpicture/carpicture09/pic3829/38298374_001.jpg?,https://ci.encar.com/carpicture/carpicture09/pic3829/38298374_002.jpg?,https://ci.encar.com/carpicture/carpicture09/pic3829/38298374_003.jpg?,https://ci.encar.com/carpicture/carpicture09/pic3829/38298374_004.jpg?,https://ci.encar.com/carpicture/carpicture09/pic3829/38298374_005.jpg?,https://ci.encar.com/carpicture/carpicture09/pic3829/38298374_006.jpg?,https://ci.encar.com/carpicture/carpicture09/pic3829/38298374_007.jpg?,https://ci.encar.com/carpicture/carpicture09/pic3829/38298374_008.jpg?,https://ci.encar.com/carpicture/carpicture09/pic3829/38298374_009.jpg?,https://ci.encar.com/carpicture/carpicture09/pic3829/38298374_010.jpg?,https://ci.encar.com/carpicture/carpicture09/pic3829/38298374_015.jpg?,https://ci.encar.com/carpicture/carpicture09/pic3829/38298374_016.jpg?,https://ci.encar.com/carpicture/carpicture09/pic3829/38298374_017.jpg?,https://ci.encar.com/carpicture/carpicture09/pic3829/38298374_018.jpg?,https://ci.encar.com/carpicture/carpicture09/pic3829/38298374_019.jpg?,https://ci.encar.com/carpicture/carpicture09/pic3829/38298374_020.jpg?,https://ci.encar.com/carpicture/carpicture09/pic3829/38298374_021.jpg?,https://ci.encar.com/carpicture/carpicture09/pic3829/38298374_022.jpg?,https://ci.encar.com/carpicture/carpicture09/pic3829/38298374_023.jpg?,https://ci.encar.com/carpicture/carpicture09/pic3829/38298374_024.jpg?",Gasoline 3.8 4WD,Бензин,АКПП,37 656,Август 2022,Hyundai>The New Palisade>Gasoline 3.8 4WD
"Jeep Wrangler (JL), 2020",1997362,https://carskorea.shop///car/view/1997362,b'3\xc2\xa0791\xc2\xa0496',"https://ci.encar.com/carpicture/carpicture09/pic3829/38291359_001.jpg?,https://ci.encar.com/carpicture/carpicture09/pic3829/38291359_002.jpg?,https://ci.encar.com/carpicture/carpicture09/pic3829/38291359_003.jpg?,https://ci.encar.com/carpicture/carpicture09/pic3829/38291359_004.jpg?,https://ci.encar.com/carpicture/carpicture09/pic3829/38291359_005.jpg?,https://ci.encar.com/carpicture/carpicture09/pic3829/38291359_006.jpg?,https://ci.encar.com/carpicture/carpicture09/pic3829/38291359_007.jpg?,https://ci.encar.com/carpicture/carpicture09/pic3829/38291359_008.jpg?,https://ci.encar.com/carpicture/carpicture09/pic3829/38291359_009.jpg?,https://ci.encar.com/carpicture/carpicture09/pic3829/38291359_010.jpg?,https://ci.encar.com/carpicture/carpicture09/pic3829/38291359_015.jpg?,https://ci.encar.com/carpicture/carpicture09/pic3829/38291359_016.jpg?,https://ci.encar.com/carpicture/carpicture09/pic3829/38291359_017.jpg?,https://ci.encar.com/carpicture/carpicture09/pic3829/38291359_018.jpg?,https://ci.encar.com/carpicture/carpicture09/pic3829/38291359_019.jpg?,https://ci.encar.com/carpicture/carpicture09/pic3829/38291359_020.jpg?,https://ci.encar.com/carpicture/carpicture09/pic3829/38291359_021.jpg?,https://ci.encar.com/carpicture/carpicture09/pic3829/38291359_022.jpg?,https://ci.encar.com/carpicture/carpicture09/pic3829/38291359_023.jpg?,https://ci.encar.com/carpicture/carpicture09/pic3829/38291359_024.jpg?",2.0 Overland 4-door,Бензин,АКПП,140 592,Май 2020,Jeep>Wrangler (JL)>2.0 Overland 4-door
"Kia The New Carnival, 2018",1997357,https://carskorea.shop///car/view/1997357,b'3\xc2\xa0952\xc2\xa0419',"https://ci.encar.com/carpicture/carpicture10/pic3830/38302964_001.JPG?,https://ci.encar.com/carpicture/carpicture10/pic3830/38302964_002.jpg?,https://ci.encar.com/carpicture/carpicture10/pic3830/38302964_003.JPG?,https://ci.encar.com/carpicture/carpicture10/pic3830/38302964_004.JPG?,https://ci.encar.com/carpicture/carpicture10/pic3830/38302964_005.jpg?,https://ci.encar.com/carpicture/carpicture10/pic3830/38302964_006.jpg?,https://ci.encar.com/carpicture/carpicture10/pic3830/38302964_007.JPG?,https://ci.encar.com/carpicture/carpicture10/pic3830/38302964_008.JPG?,https://ci.encar.com/carpicture/carpicture10/pic3830/38302964_009.jpg?,https://ci.encar.com/carpicture/carpicture10/pic3830/38302964_010.JPG?,https://ci.encar.com/carpicture/carpicture10/pic3830/38302964_015.JPG?,https://ci.encar.com/carpicture/carpicture10/pic3830/38302964_016.JPG?,https://ci.encar.com/carpicture/carpicture10/pic3830/38302964_017.JPG?,https://ci.encar.com/carpicture/carpicture10/pic3830/38302964_018.JPG?,https://ci.encar.com/carpicture/carpicture10/pic3830/38302964_019.JPG?,https://ci.encar.com/carpicture/carpicture10/pic3830/38302964_020.JPG?,https://ci.encar.com/carpicture/carpicture10/pic3830/38302964_021.JPG?,https://ci.encar.com/carpicture/carpicture10/pic3830/38302964_022.JPG?,https://ci.encar.com/carpicture/carpicture10/pic3830/38302964_023.JPG?,https://ci.encar.com/carpicture/carpicture10/pic3830/38302964_024.JPG?",9 seater Hairimujin,Дизель,АКПП,55 926,Август 2018,Kia>The New Carnival>9 seater Hairimujin
"Chevrolet (GM Daewoo) Bolt EV, 2018",1997355,https://carskorea.shop///car/view/1997355,b'2\xc2\xa0179\xc2\xa0640',"https://ci.encar.com/carpicture/carpicture10/pic3830/38302899_001.jpg?,https://ci.encar.com/carpicture/carpicture10/pic3830/38302899_002.jpg?,https://ci.encar.com/carpicture/carpicture10/pic3830/38302899_003.jpg?,https://ci.encar.com/carpicture/carpicture10/pic3830/38302899_004.jpg?,https://ci.encar.com/carpicture/carpicture10/pic3830/38302899_005.jpg?,https://ci.encar.com/carpicture/carpicture10/pic3830/38302899_006.jpg?,https://ci.encar.com/carpicture/carpicture10/pic3830/38302899_007.jpg?,https://ci.encar.com/carpicture/carpicture10/pic3830/38302899_008.jpg?,https://ci.encar.com/carpicture/carpicture10/pic3830/38302899_009.jpg?,https://ci.encar.com/carpicture/carpicture10/pic3830/38302899_010.jpg?,https://ci.encar.com/carpicture/carpicture10/pic3830/38302899_015.jpg?,https://ci.encar.com/carpicture/carpicture10/pic3830/38302899_016.jpg?,https://ci.encar.com/carpicture/carpicture10/pic3830/38302899_017.jpg?,https://ci.encar.com/carpicture/carpicture10/pic3830/38302899_018.jpg?,https://ci.encar.com/carpicture/carpicture10/pic3830/38302899_019.jpg?,https://ci.encar.com/carpicture/carpicture10/pic3830/38302899_020.jpg?,https://ci.encar.com/carpicture/carpicture10/pic3830/38302899_021.jpg?,https://ci.encar.com/carpicture/carpicture10/pic3830/38302899_022.jpg?,https://ci.encar.com/carpicture/carpicture10/pic3830/38302899_023.jpg?",EV Premier,Электричество,АКПП,127 865,Июль 2018,Chevrolet (GM Daewoo)>(GM Daewoo) Bolt EV>EV Premier
"Mercedes-Benz A-Class W177, 2020",1997354,https://carskorea.shop///car/view/1997354,b'2\xc2\xa0854\xc2\xa0040',"https://ci.encar.com/carpicture/carpicture10/pic3830/38302735_001.jpg?,https://ci.encar.com/carpicture/carpicture10/pic3830/38302735_002.jpg?,https://ci.encar.com/carpicture/carpicture10/pic3830/38302735_003.jpg?,https://ci.encar.com/carpicture/carpicture10/pic3830/38302735_004.jpg?,https://ci.encar.com/carpicture/carpicture10/pic3830/38302735_005.jpg?,https://ci.encar.com/carpicture/carpicture10/pic3830/38302735_006.jpg?,https://ci.encar.com/carpicture/carpicture10/pic3830/38302735_007.jpg?,https://ci.encar.com/carpicture/carpicture10/pic3830/38302735_008.jpg?,https://ci.encar.com/carpicture/carpicture10/pic3830/38302735_009.jpg?,https://ci.encar.com/carpicture/carpicture10/pic3830/38302735_010.jpg?,https://ci.encar.com/carpicture/carpicture10/pic3830/38302735_015.jpg?,https://ci.encar.com/carpicture/carpicture10/pic3830/38302735_016.jpg?,https://ci.encar.com/carpicture/carpicture10/pic3830/38302735_017.jpg?,https://ci.encar.com/carpicture/carpicture10/pic3830/38302735_018.jpg?,https://ci.encar.com/carpicture/carpicture10/pic3830/38302735_019.jpg?,https://ci.encar.com/carpicture/carpicture10/pic3830/38302735_020.jpg?,https://ci.encar.com/carpicture/carpicture10/pic3830/38302735_021.jpg?,https://ci.encar.com/carpicture/carpicture10/pic3830/38302735_022.jpg?,https://ci.encar.com/carpicture/carpicture10/pic3830/38302735_023.jpg?,https://ci.encar.com/carpicture/carpicture10/pic3830/38302735_024.jpg?",A220 Sedan,Бензин,АКПП,51 134,Сентябрь 2020,Mercedes-Benz>A-Class W177>A220 Sedan
"Hyundai Sonata (DN8), 2022",1997353,https://carskorea.shop///car/view/1997353,b'3\xc2\xa0156\xc2\xa0079',"https://ci.encar.com/carpicture/carpicture10/pic3830/38301611_001.jpg?,https://ci.encar.com/carpicture/carpicture10/pic3830/38301611_002.jpg?,https://ci.encar.com/carpicture/carpicture10/pic3830/38301611_003.jpg?,https://ci.encar.com/carpicture/carpicture10/pic3830/38301611_004.jpg?,https://ci.encar.com/carpicture/carpicture10/pic3830/38301611_005.jpg?,https://ci.encar.com/carpicture/carpicture10/pic3830/38301611_006.jpg?,https://ci.encar.com/carpicture/carpicture10/pic3830/38301611_007.jpg?,https://ci.encar.com/carpicture/carpicture10/pic3830/38301611_008.jpg?,https://ci.encar.com/carpicture/carpicture10/pic3830/38301611_009.jpg?,https://ci.encar.com/carpicture/carpicture10/pic3830/38301611_010.jpg?,https://ci.encar.com/carpicture/carpicture10/pic3830/38301611_015.jpg?,https://ci.encar.com/carpicture/carpicture10/pic3830/38301611_016.jpg?,https://ci.encar.com/carpicture/carpicture10/pic3830/38301611_017.jpg?,https://ci.encar.com/carpicture/carpicture10/pic3830/38301611_018.jpg?,https://ci.encar.com/carpicture/carpicture10/pic3830/38301611_019.jpg?,https://ci.encar.com/carpicture/carpicture10/pic3830/38301611_020.jpg?,https://ci.encar.com/carpicture/carpicture10/pic3830/38301611_021.jpg?,https://ci.encar.com/carpicture/carpicture10/pic3830/38301611_022.jpg?,https://ci.encar.com/carpicture/carpicture10/pic3830/38301611_023.jpg?,https://ci.encar.com/carpicture/carpicture10/pic3830/38301611_024.jpg?",1.6 Turbo,Бензин,АКПП,45 156,Январь 2022,Hyundai>Sonata (DN8)>1.6 Turbo
"Maserati Gibley, 2023",1997352,https://carskorea.shop///car/view/1997352,b'8\xc2\xa0851\xc2\xa0990',"https://ci.encar.com/carpicture/carpicture10/pic3830/38303132_001.jpg?,https://ci.encar.com/carpicture/carpicture10/pic3830/38303132_002.jpg?,https://ci.encar.com/carpicture/carpicture10/pic3830/38303132_003.jpg?,https://ci.encar.com/carpicture/carpicture10/pic3830/38303132_004.jpg?,https://ci.encar.com/carpicture/carpicture10/pic3830/38303132_005.jpg?,https://ci.encar.com/carpicture/carpicture10/pic3830/38303132_006.jpg?,https://ci.encar.com/carpicture/carpicture10/pic3830/38303132_007.jpg?,https://ci.encar.com/carpicture/carpicture10/pic3830/38303132_008.jpg?,https://ci.encar.com/carpicture/carpicture10/pic3830/38303132_009.jpg?,https://ci.encar.com/carpicture/carpicture10/pic3830/38303132_010.jpg?,https://ci.encar.com/carpicture/carpicture10/pic3830/38303132_015.jpg?,https://ci.encar.com/carpicture/carpicture10/pic3830/38303132_016.jpg?,https://ci.encar.com/carpicture/carpicture10/pic3830/38303132_017.jpg?,https://ci.encar.com/carpicture/carpicture10/pic3830/38303132_018.jpg?,https://ci.encar.com/carpicture/carpicture10/pic3830/38303132_019.jpg?,https://ci.encar.com/carpicture/carpicture10/pic3830/38303132_020.jpg?,https://ci.encar.com/carpicture/carpicture10/pic3830/38303132_021.jpg?,https://ci.encar.com/carpicture/carpicture10/pic3830/38303132_022.jpg?,https://ci.encar.com/carpicture/carpicture10/pic3830/38303132_023.jpg?,https://ci.encar.com/carpicture/carpicture10/pic3830/38303132_024.jpg?",2.0 GT,Бензин,АКПП,6 155,Июль 2023,Maserati>Gibley>2.0 GT
"Porsche Taycan, 2023",1997351,https://carskorea.shop///car/view/1997351,b'16\xc2\xa0724\xc2\xa0777',"https://ci.encar.com/carpicture/carpicture10/pic3830/38303159_001.jpg?,https://ci.encar.com/carpicture/carpicture10/pic3830/38303159_002.jpg?,https://ci.encar.com/carpicture/carpicture10/pic3830/38303159_003.jpg?,https://ci.encar.com/carpicture/carpicture10/pic3830/38303159_004.jpg?,https://ci.encar.com/carpicture/carpicture10/pic3830/38303159_005.jpg?,https://ci.encar.com/carpicture/carpicture10/pic3830/38303159_006.jpg?,https://ci.encar.com/carpicture/carpicture10/pic3830/38303159_007.jpg?,https://ci.encar.com/carpicture/carpicture10/pic3830/38303159_008.jpg?,https://ci.encar.com/carpicture/carpicture10/pic3830/38303159_009.jpg?,https://ci.encar.com/carpicture/carpicture10/pic3830/38303159_010.jpg?,https://ci.encar.com/carpicture/carpicture10/pic3830/38303159_015.jpg?,https://ci.encar.com/carpicture/carpicture10/pic3830/38303159_016.jpg?",4S Cross Turismo,Электричество,АКПП,10 757,Ноябрь 2023,Porsche>Taycan>4S Cross Turismo
"Mercedes-Benz S-Class W223, 2024",1997350,https://carskorea.shop///car/view/1997350,b'16\xc2\xa0543\xc2\xa0043',"https://ci.encar.com/carpicture/carpicture10/pic3830/38303102_001.jpg?,https://ci.encar.com/carpicture/carpicture10/pic3830/38303102_002.jpg?,https://ci.encar.com/carpicture/carpicture10/pic3830/38303102_003.jpg?,https://ci.encar.com/carpicture/carpicture10/pic3830/38303102_004.jpg?,https://ci.encar.com/carpicture/carpicture10/pic3830/38303102_005.jpg?,https://ci.encar.com/carpicture/carpicture10/pic3830/38303102_006.jpg?,https://ci.encar.com/carpicture/carpicture10/pic3830/38303102_007.jpg?,https://ci.encar.com/carpicture/carpicture10/pic3830/38303102_008.jpg?,https://ci.encar.com/carpicture/carpicture10/pic3830/38303102_009.jpg?,https://ci.encar.com/carpicture/carpicture10/pic3830/38303102_010.jpg?,https://ci.encar.com/carpicture/carpicture10/pic3830/38303102_015.jpg?,https://ci.encar.com/carpicture/carpicture10/pic3830/38303102_016.jpg?,https://ci.encar.com/carpicture/carpicture10/pic3830/38303102_017.jpg?,https://ci.encar.com/carpicture/carpicture10/pic3830/38303102_018.jpg?,https://ci.encar.com/carpicture/carpicture10/pic3830/38303102_019.jpg?,https://ci.encar.com/carpicture/carpicture10/pic3830/38303102_020.jpg?,https://ci.encar.com/carpicture/carpicture10/pic3830/38303102_021.jpg?,https://ci.encar.com/carpicture/carpicture10/pic3830/38303102_022.jpg?,https://ci.encar.com/carpicture/carpicture10/pic3830/38303102_023.jpg?,https://ci.encar.com/carpicture/carpicture10/pic3830/38303102_024.jpg?",S450 d 4MATIC,Дизель,АКПП,2 142,Май 2024,Mercedes-Benz>S-Class W223>S450 d 4MATIC
"Ssangyong Berry New Tivoli, 2020",1997347,https://carskorea.shop///car/view/1997347,b'1\xc2\xa0651\xc2\xa0588',"https://ci.encar.com/carpicture/carpicture09/pic3829/38290396_001.jpg?,https://ci.encar.com/carpicture/carpicture09/pic3829/38290396_002.jpg?,https://ci.encar.com/carpicture/carpicture09/pic3829/38290396_003.jpg?,https://ci.encar.com/carpicture/carpicture09/pic3829/38290396_004.jpg?,https://ci.encar.com/carpicture/carpicture09/pic3829/38290396_005.jpg?,https://ci.encar.com/carpicture/carpicture09/pic3829/38290396_006.jpg?,https://ci.encar.com/carpicture/carpicture09/pic3829/38290396_007.jpg?,https://ci.encar.com/carpicture/carpicture09/pic3829/38290396_008.jpg?,https://ci.encar.com/carpicture/carpicture09/pic3829/38290396_009.jpg?,https://ci.encar.com/carpicture/carpicture09/pic3829/38290396_010.jpg?,https://ci.encar.com/carpicture/carpicture09/pic3829/38290396_015.jpg?,https://ci.encar.com/carpicture/carpicture09/pic3829/38290396_016.jpg?,https://ci.encar.com/carpicture/carpicture09/pic3829/38290396_017.jpg?,https://ci.encar.com/carpicture/carpicture09/pic3829/38290396_018.jpg?,https://ci.encar.com/carpicture/carpicture09/pic3829/38290396_019.jpg?,https://ci.encar.com/carpicture/carpicture09/pic3829/38290396_020.jpg?,https://ci.encar.com/carpicture/carpicture09/pic3829/38290396_021.jpg?,https://ci.encar.com/carpicture/carpicture09/pic3829/38290396_022.jpg?,https://ci.encar.com/carpicture/carpicture09/pic3829/38290396_023.jpg?,https://ci.encar.com/carpicture/carpicture09/pic3829/38290396_024.jpg?",Gasoline 1.5 2WD,Бензин,АКПП,63 640,Июль 2020,Ssangyong>Berry New Tivoli>Gasoline 1.5 2WD
"Porsche Taycan, 2023",1997342,https://carskorea.shop///car/view/1997342,b'14\xc2\xa0729\xc2\xa0947',"https://ci.encar.com/carpicture/carpicture10/pic3830/38303192_001.jpg?,https://ci.encar.com/carpicture/carpicture10/pic3830/38303192_002.jpg?,https://ci.encar.com/carpicture/carpicture10/pic3830/38303192_003.jpg?,https://ci.encar.com/carpicture/carpicture10/pic3830/38303192_004.jpg?,https://ci.encar.com/carpicture/carpicture10/pic3830/38303192_005.jpg?,https://ci.encar.com/carpicture/carpicture10/pic3830/38303192_006.jpg?,https://ci.encar.com/carpicture/carpicture10/pic3830/38303192_007.jpg?,https://ci.encar.com/carpicture/carpicture10/pic3830/38303192_008.jpg?,https://ci.encar.com/carpicture/carpicture10/pic3830/38303192_009.jpg?,https://ci.encar.com/carpicture/carpicture10/pic3830/38303192_010.jpg?,https://ci.encar.com/carpicture/carpicture10/pic3830/38303192_015.jpg?,https://ci.encar.com/carpicture/carpicture10/pic3830/38303192_016.jpg?",4 Cross Turismo,Электричество,АКПП,11 759,Ноябрь 2023,Porsche>Taycan>4 Cross Turismo
"Hyundai Grandeur IG, 2018",1997341,https://carskorea.shop///car/view/1997341,b'7\xc2\xa0102\xc2\xa0229',"https://ci.encar.com/carpicture/carpicture09/pic3829/38291180_001.jpg?,https://ci.encar.com/carpicture/carpicture09/pic3829/38291180_002.jpg?,https://ci.encar.com/carpicture/carpicture09/pic3829/38291180_003.jpg?,https://ci.encar.com/carpicture/carpicture09/pic3829/38291180_004.jpg?,https://ci.encar.com/carpicture/carpicture09/pic3829/38291180_005.jpg?,https://ci.encar.com/carpicture/carpicture09/pic3829/38291180_006.jpg?,https://ci.encar.com/carpicture/carpicture09/pic3829/38291180_007.jpg?,https://ci.encar.com/carpicture/carpicture09/pic3829/38291180_008.jpg?,https://ci.encar.com/carpicture/carpicture09/pic3829/38291180_009.jpg?,https://ci.encar.com/carpicture/carpicture09/pic3829/38291180_010.jpg?,https://ci.encar.com/carpicture/carpicture09/pic3829/38291180_015.jpg?,https://ci.encar.com/carpicture/carpicture09/pic3829/38291180_016.jpg?,https://ci.encar.com/carpicture/carpicture09/pic3829/38291180_017.jpg?,https://ci.encar.com/carpicture/carpicture09/pic3829/38291180_018.jpg?,https://ci.encar.com/carpicture/carpicture09/pic3829/38291180_019.jpg?,https://ci.encar.com/carpicture/carpicture09/pic3829/38291180_020.jpg?,https://ci.encar.com/carpicture/carpicture09/pic3829/38291180_021.jpg?,https://ci.encar.com/carpicture/carpicture09/pic3829/38291180_022.jpg?,https://ci.encar.com/carpicture/carpicture09/pic3829/38291180_023.jpg?,https://ci.encar.com/carpicture/carpicture09/pic3829/38291180_024.jpg?",3.3 Celebrity,Бензин,АКПП,30 896,Июль 2018,Hyundai>Grandeur IG>3.3 Celebrity
"Hyundai Casper, 2023",1997338,https://carskorea.shop///car/view/1997338,b'2\xc2\xa0123\xc2\xa0326',"https://ci.encar.com/carpicture/carpicture10/pic3830/38302424_001.jpg?,https://ci.encar.com/carpicture/carpicture10/pic3830/38302424_002.jpg?,https://ci.encar.com/carpicture/carpicture10/pic3830/38302424_003.jpg?,https://ci.encar.com/carpicture/carpicture10/pic3830/38302424_004.jpg?,https://ci.encar.com/carpicture/carpicture10/pic3830/38302424_005.jpg?,https://ci.encar.com/carpicture/carpicture10/pic3830/38302424_006.jpg?,https://ci.encar.com/carpicture/carpicture10/pic3830/38302424_007.jpg?,https://ci.encar.com/carpicture/carpicture10/pic3830/38302424_008.jpg?,https://ci.encar.com/carpicture/carpicture10/pic3830/38302424_009.jpg?,https://ci.encar.com/carpicture/carpicture10/pic3830/38302424_010.jpg?,https://ci.encar.com/carpicture/carpicture10/pic3830/38302424_015.jpg?,https://ci.encar.com/carpicture/carpicture10/pic3830/38302424_016.jpg?,https://ci.encar.com/carpicture/carpicture10/pic3830/38302424_017.jpg?,https://ci.encar.com/carpicture/carpicture10/pic3830/38302424_018.jpg?,https://ci.encar.com/carpicture/carpicture10/pic3830/38302424_019.jpg?,https://ci.encar.com/carpicture/carpicture10/pic3830/38302424_020.jpg?,https://ci.encar.com/carpicture/carpicture10/pic3830/38302424_021.jpg?,https://ci.encar.com/carpicture/carpicture10/pic3830/38302424_022.jpg?,https://ci.encar.com/carpicture/carpicture10/pic3830/38302424_023.jpg?,https://ci.encar.com/carpicture/carpicture10/pic3830/38302424_024.jpg?",Turbo Di Essential,Бензин,АКПП,29 000,Январь 2023,Hyundai>Casper>Turbo Di Essential
"BMW 1 Series (F40), 2021",1997336,https://carskorea.shop///car/view/1997336,b'3\xc2\xa0184\xc2\xa0412',"https://ci.encar.com/carpicture/carpicture09/pic3829/38295652_001.jpg?,https://ci.encar.com/carpicture/carpicture09/pic3829/38295652_002.jpg?,https://ci.encar.com/carpicture/carpicture09/pic3829/38295652_003.jpg?,https://ci.encar.com/carpicture/carpicture09/pic3829/38295652_004.jpg?,https://ci.encar.com/carpicture/carpicture09/pic3829/38295652_005.jpg?,https://ci.encar.com/carpicture/carpicture09/pic3829/38295652_006.jpg?,https://ci.encar.com/carpicture/carpicture09/pic3829/38295652_007.jpg?,https://ci.encar.com/carpicture/carpicture09/pic3829/38295652_008.jpg?,https://ci.encar.com/carpicture/carpicture09/pic3829/38295652_009.jpg?,https://ci.encar.com/carpicture/carpicture09/pic3829/38295652_010.jpg?,https://ci.encar.com/carpicture/carpicture09/pic3829/38295652_015.jpg?,https://ci.encar.com/carpicture/carpicture09/pic3829/38295652_016.jpg?,https://ci.encar.com/carpicture/carpicture09/pic3829/38295652_017.jpg?,https://ci.encar.com/carpicture/carpicture09/pic3829/38295652_018.jpg?,https://ci.encar.com/carpicture/carpicture09/pic3829/38295652_019.jpg?,https://ci.encar.com/carpicture/carpicture09/pic3829/38295652_020.jpg?,https://ci.encar.com/carpicture/carpicture09/pic3829/38295652_021.jpg?,https://ci.encar.com/carpicture/carpicture09/pic3829/38295652_022.jpg?,https://ci.encar.com/carpicture/carpicture09/pic3829/38295652_023.jpg?,https://ci.encar.com/carpicture/carpicture09/pic3829/38295652_024.jpg?",120i M Sports,Бензин,АКПП,44 185,Сентябрь 2021,BMW>1 Series (F40)>120i M Sports
"Porsche Taycan, 2023",1997335,https://carskorea.shop///car/view/1997335,b'17\xc2\xa0039\xc2\xa0181',"https://ci.encar.com/carpicture/carpicture10/pic3830/38303226_001.jpg?,https://ci.encar.com/carpicture/carpicture10/pic3830/38303226_002.jpg?,https://ci.encar.com/carpicture/carpicture10/pic3830/38303226_003.jpg?,https://ci.encar.com/carpicture/carpicture10/pic3830/38303226_004.jpg?,https://ci.encar.com/carpicture/carpicture10/pic3830/38303226_005.jpg?,https://ci.encar.com/carpicture/carpicture10/pic3830/38303226_006.jpg?,https://ci.encar.com/carpicture/carpicture10/pic3830/38303226_007.jpg?,https://ci.encar.com/carpicture/carpicture10/pic3830/38303226_008.jpg?,https://ci.encar.com/carpicture/carpicture10/pic3830/38303226_009.jpg?,https://ci.encar.com/carpicture/carpicture10/pic3830/38303226_010.jpg?,https://ci.encar.com/carpicture/carpicture10/pic3830/38303226_015.jpg?,https://ci.encar.com/carpicture/carpicture10/pic3830/38303226_016.jpg?",4S Cross Turismo,Электричество,АКПП,9 969,Ноябрь 2023,Porsche>Taycan>4S Cross Turismo
"Chevrolet (GM Daewoo) The Next Spark, 2018",1997333,https://carskorea.shop///car/view/1997333,b'1\xc2\xa0184\xc2\xa0814',"https://ci.encar.com/carpicture/carpicture10/pic3830/38303223_001.jpg?,https://ci.encar.com/carpicture/carpicture10/pic3830/38303223_002.jpg?,https://ci.encar.com/carpicture/carpicture10/pic3830/38303223_003.jpg?",LT,Бензин,АКПП,83 963,Май 2018,Chevrolet (GM Daewoo)>(GM Daewoo) The Next Spark>LT
"Genesis G80, 2018",1997332,https://carskorea.shop///car/view/1997332,b'6\xc2\xa0720\xc2\xa0012',"https://ci.encar.com/carpicture/carpicture10/pic3830/38303103_001.jpg?,https://ci.encar.com/carpicture/carpicture10/pic3830/38303103_002.jpg?,https://ci.encar.com/carpicture/carpicture10/pic3830/38303103_003.jpg?,https://ci.encar.com/carpicture/carpicture10/pic3830/38303103_004.jpg?,https://ci.encar.com/carpicture/carpicture10/pic3830/38303103_005.jpg?,https://ci.encar.com/carpicture/carpicture10/pic3830/38303103_006.jpg?,https://ci.encar.com/carpicture/carpicture10/pic3830/38303103_007.jpg?,https://ci.encar.com/carpicture/carpicture10/pic3830/38303103_008.jpg?,https://ci.encar.com/carpicture/carpicture10/pic3830/38303103_009.jpg?,https://ci.encar.com/carpicture/carpicture10/pic3830/38303103_010.jpg?,https://ci.encar.com/carpicture/carpicture10/pic3830/38303103_015.jpg?,https://ci.encar.com/carpicture/carpicture10/pic3830/38303103_016.jpg?,https://ci.encar.com/carpicture/carpicture10/pic3830/38303103_017.jpg?,https://ci.encar.com/carpicture/carpicture10/pic3830/38303103_018.jpg?,https://ci.encar.com/carpicture/carpicture10/pic3830/38303103_019.jpg?,https://ci.encar.com/carpicture/carpicture10/pic3830/38303103_020.jpg?,https://ci.encar.com/carpicture/carpicture10/pic3830/38303103_021.jpg?,https://ci.encar.com/carpicture/carpicture10/pic3830/38303103_022.jpg?,https://ci.encar.com/carpicture/carpicture10/pic3830/38303103_023.jpg?,https://ci.encar.com/carpicture/carpicture10/pic3830/38303103_024.jpg?",3.3 GDI AWD,Бензин,АКПП,111 195,Март 2018,Genesis>G80>3.3 GDI AWD
"Hyundai Solati, 2018",1997331,https://carskorea.shop///car/view/1997331,b'5\xc2\xa0193\xc2\xa0411',"https://ci.encar.com/carpicture/carpicture10/pic3830/38302910_001.jpg?,https://ci.encar.com/carpicture/carpicture10/pic3830/38302910_002.jpg?,https://ci.encar.com/carpicture/carpicture10/pic3830/38302910_003.jpg?,https://ci.encar.com/carpicture/carpicture10/pic3830/38302910_004.jpg?,https://ci.encar.com/carpicture/carpicture10/pic3830/38302910_005.jpg?,https://ci.encar.com/carpicture/carpicture10/pic3830/38302910_006.jpg?,https://ci.encar.com/carpicture/carpicture10/pic3830/38302910_007.jpg?,https://ci.encar.com/carpicture/carpicture10/pic3830/38302910_008.jpg?,https://ci.encar.com/carpicture/carpicture10/pic3830/38302910_009.jpg?,https://ci.encar.com/carpicture/carpicture10/pic3830/38302910_010.jpg?,https://ci.encar.com/carpicture/carpicture10/pic3830/38302910_015.jpg?,https://ci.encar.com/carpicture/carpicture10/pic3830/38302910_016.jpg?,https://ci.encar.com/carpicture/carpicture10/pic3830/38302910_017.jpg?,https://ci.encar.com/carpicture/carpicture10/pic3830/38302910_018.jpg?,https://ci.encar.com/carpicture/carpicture10/pic3830/38302910_019.jpg?,https://ci.encar.com/carpicture/carpicture10/pic3830/38302910_020.jpg?,https://ci.encar.com/carpicture/carpicture10/pic3830/38302910_021.jpg?,https://ci.encar.com/carpicture/carpicture10/pic3830/38302910_022.jpg?,https://ci.encar.com/carpicture/carpicture10/pic3830/38302910_023.jpg?,https://ci.encar.com/carpicture/carpicture10/pic3830/38302910_024.jpg?",11 seater,Дизель,АКПП,145 706,Февраль 2018,Hyundai>Solati>11 seater
"Porsche Taycan, 2023",1997328,https://carskorea.shop///car/view/1997328,b'16\xc2\xa0305\xc2\xa0571',"https://ci.encar.com/carpicture/carpicture10/pic3830/38303268_001.jpg?,https://ci.encar.com/carpicture/carpicture10/pic3830/38303268_002.jpg?,https://ci.encar.com/carpicture/carpicture10/pic3830/38303268_003.jpg?,https://ci.encar.com/carpicture/carpicture10/pic3830/38303268_004.jpg?,https://ci.encar.com/carpicture/carpicture10/pic3830/38303268_005.jpg?,https://ci.encar.com/carpicture/carpicture10/pic3830/38303268_006.jpg?,https://ci.encar.com/carpicture/carpicture10/pic3830/38303268_007.jpg?,https://ci.encar.com/carpicture/carpicture10/pic3830/38303268_008.jpg?,https://ci.encar.com/carpicture/carpicture10/pic3830/38303268_009.jpg?,https://ci.encar.com/carpicture/carpicture10/pic3830/38303268_010.jpg?,https://ci.encar.com/carpicture/carpicture10/pic3830/38303268_015.jpg?,https://ci.encar.com/carpicture/carpicture10/pic3830/38303268_016.jpg?",4S Cross Turismo,Электричество,АКПП,10 610,Ноябрь 2023,Porsche>Taycan>4S Cross Turismo
"Hyundai Sonata (DN8), 2022",1997327,https://carskorea.shop///car/view/1997327,b'3\xc2\xa0171\xc2\xa0005',"https://ci.encar.com/carpicture/carpicture10/pic3830/38301187_001.jpg?,https://ci.encar.com/carpicture/carpicture10/pic3830/38301187_002.jpg?,https://ci.encar.com/carpicture/carpicture10/pic3830/38301187_003.jpg?,https://ci.encar.com/carpicture/carpicture10/pic3830/38301187_004.jpg?,https://ci.encar.com/carpicture/carpicture10/pic3830/38301187_005.jpg?,https://ci.encar.com/carpicture/carpicture10/pic3830/38301187_006.jpg?,https://ci.encar.com/carpicture/carpicture10/pic3830/38301187_007.jpg?,https://ci.encar.com/carpicture/carpicture10/pic3830/38301187_008.jpg?,https://ci.encar.com/carpicture/carpicture10/pic3830/38301187_009.jpg?,https://ci.encar.com/carpicture/carpicture10/pic3830/38301187_010.jpg?,https://ci.encar.com/carpicture/carpicture10/pic3830/38301187_015.jpg?,https://ci.encar.com/carpicture/carpicture10/pic3830/38301187_016.jpg?,https://ci.encar.com/carpicture/carpicture10/pic3830/38301187_017.jpg?,https://ci.encar.com/carpicture/carpicture10/pic3830/38301187_018.jpg?,https://ci.encar.com/carpicture/carpicture10/pic3830/38301187_019.jpg?,https://ci.encar.com/carpicture/carpicture10/pic3830/38301187_020.jpg?,https://ci.encar.com/carpicture/carpicture10/pic3830/38301187_021.jpg?,https://ci.encar.com/carpicture/carpicture10/pic3830/38301187_022.jpg?,https://ci.encar.com/carpicture/carpicture10/pic3830/38301187_023.jpg?,https://ci.encar.com/carpicture/carpicture10/pic3830/38301187_024.jpg?",1.6 Turbo,Бензин,АКПП,26 220,Январь 2022,Hyundai>Sonata (DN8)>1.6 Turbo
"Kia The New Carnival, 2019",1997324,https://carskorea.shop///car/view/1997324,b'3\xc2\xa0791\xc2\xa0888',"https://ci.encar.com/carpicture/carpicture09/pic3829/38291864_001.jpg?,https://ci.encar.com/carpicture/carpicture09/pic3829/38291864_002.jpg?,https://ci.encar.com/carpicture/carpicture09/pic3829/38291864_003.jpg?,https://ci.encar.com/carpicture/carpicture09/pic3829/38291864_004.jpg?,https://ci.encar.com/carpicture/carpicture09/pic3829/38291864_005.jpg?,https://ci.encar.com/carpicture/carpicture09/pic3829/38291864_006.jpg?,https://ci.encar.com/carpicture/carpicture09/pic3829/38291864_007.jpg?,https://ci.encar.com/carpicture/carpicture09/pic3829/38291864_008.jpg?,https://ci.encar.com/carpicture/carpicture09/pic3829/38291864_009.jpg?,https://ci.encar.com/carpicture/carpicture09/pic3829/38291864_010.jpg?,https://ci.encar.com/carpicture/carpicture09/pic3829/38291864_015.jpg?,https://ci.encar.com/carpicture/carpicture09/pic3829/38291864_016.jpg?,https://ci.encar.com/carpicture/carpicture09/pic3829/38291864_017.jpg?,https://ci.encar.com/carpicture/carpicture09/pic3829/38291864_018.jpg?,https://ci.encar.com/carpicture/carpicture09/pic3829/38291864_019.jpg?,https://ci.encar.com/carpicture/carpicture09/pic3829/38291864_020.jpg?,https://ci.encar.com/carpicture/carpicture09/pic3829/38291864_021.jpg?,https://ci.encar.com/carpicture/carpicture09/pic3829/38291864_022.jpg?,https://ci.encar.com/carpicture/carpicture09/pic3829/38291864_023.jpg?,https://ci.encar.com/carpicture/carpicture09/pic3829/38291864_024.jpg?",9 seater Hairimujin,Дизель,АКПП,66 109,Май 2019,Kia>The New Carnival>9 seater Hairimujin
"BMW 8 Series (G15), 2022",1997321,https://carskorea.shop///car/view/1997321,b'13\xc2\xa0716\xc2\xa0905',"https://ci.encar.com/carpicture/carpicture10/pic3830/38303341_001.jpg?,https://ci.encar.com/carpicture/carpicture10/pic3830/38303341_002.jpg?,https://ci.encar.com/carpicture/carpicture10/pic3830/38303341_003.jpg?,https://ci.encar.com/carpicture/carpicture10/pic3830/38303341_004.jpg?",M850i xDrive Gran Coupe,Бензин,АКПП,11 700,Июнь 2022,BMW>8 Series (G15)>M850i xDrive Gran Coupe
"Ssangyong Rexton Sports, 2018",1997320,https://carskorea.shop///car/view/1997320,b'3\xc2\xa0194\xc2\xa0783',"https://ci.encar.com/carpicture/carpicture10/pic3830/38302820_001.jpg?,https://ci.encar.com/carpicture/carpicture10/pic3830/38302820_002.jpg?,https://ci.encar.com/carpicture/carpicture10/pic3830/38302820_003.jpg?,https://ci.encar.com/carpicture/carpicture10/pic3830/38302820_004.jpg?,https://ci.encar.com/carpicture/carpicture10/pic3830/38302820_005.jpg?,https://ci.encar.com/carpicture/carpicture10/pic3830/38302820_006.jpg?,https://ci.encar.com/carpicture/carpicture10/pic3830/38302820_007.jpg?,https://ci.encar.com/carpicture/carpicture10/pic3830/38302820_008.jpg?",Diesel 2.2 4WD,Дизель,АКПП,114 419,Август 2018,Ssangyong>Rexton Sports>Diesel 2.2 4WD
"Kia Sorento 4th Generation, 2020",1997318,https://carskorea.shop///car/view/1997318,b'3\xc2\xa0286\xc2\xa0246',"https://ci.encar.com/carpicture/carpicture09/pic3829/38291440_001.jpg?,https://ci.encar.com/carpicture/carpicture09/pic3829/38291440_002.jpg?,https://ci.encar.com/carpicture/carpicture09/pic3829/38291440_003.jpg?,https://ci.encar.com/carpicture/carpicture09/pic3829/38291440_004.jpg?,https://ci.encar.com/carpicture/carpicture09/pic3829/38291440_005.jpg?,https://ci.encar.com/carpicture/carpicture09/pic3829/38291440_006.jpg?,https://ci.encar.com/carpicture/carpicture09/pic3829/38291440_007.jpg?,https://ci.encar.com/carpicture/carpicture09/pic3829/38291440_008.jpg?,https://ci.encar.com/carpicture/carpicture09/pic3829/38291440_009.jpg?,https://ci.encar.com/carpicture/carpicture09/pic3829/38291440_010.jpg?,https://ci.encar.com/carpicture/carpicture09/pic3829/38291440_015.jpg?,https://ci.encar.com/carpicture/carpicture09/pic3829/38291440_016.jpg?,https://ci.encar.com/carpicture/carpicture09/pic3829/38291440_017.jpg?,https://ci.encar.com/carpicture/carpicture09/pic3829/38291440_018.jpg?,https://ci.encar.com/carpicture/carpicture09/pic3829/38291440_019.jpg?,https://ci.encar.com/carpicture/carpicture09/pic3829/38291440_020.jpg?,https://ci.encar.com/carpicture/carpicture09/pic3829/38291440_021.jpg?,https://ci.encar.com/carpicture/carpicture09/pic3829/38291440_022.jpg?,https://ci.encar.com/carpicture/carpicture09/pic3829/38291440_023.jpg?,https://ci.encar.com/carpicture/carpicture09/pic3829/38291440_024.jpg?",Diesel 2.2 2WD,Дизель,АКПП,59 772,Май 2020,Kia>Sorento 4th Generation>Diesel 2.2 2WD
